INSERT INTO ACTOR(IDACTOR, DOB, FIRSTNAME, GENDER, LASTNAME) VALUES (1, '1987-11-10', 'Some', 'Male', 'GUY');
INSERT INTO ACTOR(IDACTOR, DOB, FIRSTNAME, GENDER, LASTNAME) VALUES (2, '1989-11-10', 'Some', 'Male', 'Other Guy');
INSERT INTO ACTOR(IDACTOR,DOB, FIRSTNAME, GENDER, LASTNAME) VALUES (3, '1971-11-10', 'Some', 'Male', 'Further Guy');
INSERT INTO CINEMA(IDCINEMA, CITY, NAME, OPENINGTIMES, LATITUDE, LONGITUDE) VALUES (1, 'Manchester', 'QAC Manch', 'Times', 53.480759, -2.242631);
INSERT INTO CINEMA(IDCINEMA, CITY, NAME, OPENINGTIMES, LATITUDE, LONGITUDE) VALUES (2, 'Liverpool', 'QAC Liver', 'OtherTimes',53.408371, -2.991573);
INSERT INTO CINEMA(IDCINEMA, CITY, NAME, OPENINGTIMES, LATITUDE, LONGITUDE) VALUES (3, 'Dorset', 'QAC Dorset', 'FurtherTimes', 50.748764, -2.344479);
INSERT INTO MOVIE(IDMOVIE, CERTIFICATION, DESCRIPTION, DURATION, GENRE, POSTERURL, TRAILERURL, RELEASEDATE, TITLE)	VALUES (1, 'U', 'Bruce Wayne must not only deal with the criminals of Gotham City, but also the responsibility of raising a boy he adopted.', '104m', 'Animation, Action, Adventure', 'https://images-na.ssl-images-amazon.com/images/M/MV5BMTcyNTEyOTY0M15BMl5BanBnXkFtZTgwOTAyNzU3MDI@._V1_SY1000_CR0,0,674,1000_AL_.jpg','https://www.youtube.com/embed/rGQUKzSDhrg' ,'2017-02-10', 'The LEGO Batman Movie');
INSERT INTO MOVIE(IDMOVIE, CERTIFICATION, DESCRIPTION, DURATION, GENRE, POSTERURL, TRAILERURL, RELEASEDATE, TITLE) VALUES (2, '12A', 'A team of scientists, soldiers and adventurers unites to explore an uncharted island in the Pacific. Cut off from everything they know, the team ventures into the domain of the mighty Kong. As their mission becomes one of survival, they must fight to escape a primal Eden.', '118m', 'Action, Adventure, Fantasy', 'https://images-na.ssl-images-amazon.com/images/M/MV5BMTUwMzI5ODEwNF5BMl5BanBnXkFtZTgwNjAzNjI2MDI@._V1_SY1000_CR0,0,674,1000_AL_.jpg', 'https://www.youtube.com/embed/44LdLqgOpjo' ,'2017-03-09', 'Kong: Skull Island');
INSERT INTO MOVIE(IDMOVIE, CERTIFICATION, DESCRIPTION, DURATION, GENRE, POSTERURL, TRAILERURL, RELEASEDATE, TITLE) VALUES (3, '15', 'In the near future, a weary Logan cares for an ailing Professor X in a hide out on the Mexican border. But Logans attempts to hide from the world and his legacy are up-ended when a young mutant arrives, being pursued by dark forces.', '137m', 'Action, Drama, Sci-Fi', 'https://images-na.ssl-images-amazon.com/images/M/MV5BMjI1MjkzMjczMV5BMl5BanBnXkFtZTgwNDk4NjYyMTI@._V1_SY1000_CR0,0,674,1000_AL_.jpg','https://www.youtube.com/embed/Div0iP65aZo' ,'2017-03-01', 'Logan');
INSERT INTO MOVIE(IDMOVIE, CERTIFICATION, DESCRIPTION, DURATION, GENRE, POSTERURL, TRAILERURL, RELEASEDATE, TITLE)	VALUES (4, 'PG', 'Beauty and the Beast is the fantastic journey of Belle, a bright, beautiful and independent young woman who is taken prisoner by a beast in his castle.', '129m', 'Family, Fantasy, Musical', 'https://images-na.ssl-images-amazon.com/images/M/MV5BMTUwNjUxMTM4NV5BMl5BanBnXkFtZTgwODExMDQzMTI@._V1_SY1000_CR0,0,674,1000_AL_.jpg','https://www.youtube.com/embed/e3Nl_TCQXuw' ,'2017-03-17', 'Beauty and the Beast');
INSERT INTO MOVIE(IDMOVIE, CERTIFICATION, DESCRIPTION, DURATION, GENRE, POSTERURL, TRAILERURL, RELEASEDATE, TITLE) VALUES (5, '15', 'A young man vists the estate owned by his girlfriends wealthy family, and discovers the house and its grounds are hiding a series of sinister secrets.', '104m', 'Horror, Mystery', 'https://images-na.ssl-images-amazon.com/images/M/MV5BNTE2Nzg1NjkzNV5BMl5BanBnXkFtZTgwOTgyODMyMTI@._V1_SY1000_CR0,0,674,1000_AL_.jpg', 'https://www.youtube.com/embed/A2JbO9lnVLE' ,'2017-03-17', 'Get Out');
INSERT INTO MOVIE(IDMOVIE, CERTIFICATION, DESCRIPTION, DURATION, GENRE, POSTERURL, TRAILERURL, RELEASEDATE, TITLE) VALUES (6, '15', 'This award-winning film tells the story of Chiron, following the events of his childhood and teenage years, and how they have impacted his life as an adult.', '111m', 'Drama', 'https://images-na.ssl-images-amazon.com/images/M/MV5BNzQxNTIyODAxMV5BMl5BanBnXkFtZTgwNzQyMDA3OTE@._V1_SY1000_CR0,0,674,1000_AL_.jpg', 'https://www.youtube.com/embed/9NJj12tJzqc' ,'2017-02-17', 'Moonlight');
INSERT INTO MOVIE(IDMOVIE, CERTIFICATION, DESCRIPTION, DURATION, GENRE, POSTERURL, TRAILERURL, RELEASEDATE, TITLE) VALUES (7, '12A', 'A group of high-school kids, who are infused with unique superpowers, harness their abilities in order to save the world. ', '124m', 'Action, Adventure, Sci-Fi', 'https://images-na.ssl-images-amazon.com/images/M/MV5BMTA5MzU1NDI4NzBeQTJeQWpwZ15BbWU4MDUxMDQ0NDEy._V1_SY1000_CR0,0,674,1000_AL_.jpg', 'https://www.youtube.com/embed/5kIe6UZHSXw','2017-03-25', 'Power Rangers');
INSERT INTO MOVIE(IDMOVIE, CERTIFICATION, DESCRIPTION, DURATION, GENRE, POSTERURL, TRAILERURL, RELEASEDATE, TITLE) VALUES (8, 'PG', 'Wrongfully accused and sent to prison, a former basketball star prepares for the national slam dunk competition while finding redemption in himself and in those he loves.', '104m', 'Drama, Sport', 'https://images-na.ssl-images-amazon.com/images/M/MV5BMTc4MjAzODA3NF5BMl5BanBnXkFtZTgwMzYwNTM1MTI@._V1_SY1000_CR0,0,674,1000_AL_.jpg', 'https://www.youtube.com/embed/L606dhX-6k4' ,'2017-03-07', 'Slamma Jamma');
INSERT INTO MOVIE(IDMOVIE, CERTIFICATION, DESCRIPTION, DURATION, GENRE, POSTERURL, TRAILERURL, RELEASEDATE, TITLE) VALUES (9, '18', 'An international space crew discovers life on Mars.', '103m', 'Horror, Sci-Fi, Thriller', 'https://images-na.ssl-images-amazon.com/images/M/MV5BMzAwMmQxNTctYjVmYi00MDdlLWEzMWUtOTE5NTRiNDhhNjI2L2ltYWdlXkEyXkFqcGdeQXVyMTkxNjUyNQ@@._V1_SY1000_SX675_AL_.jpg', 'https://www.youtube.com/embed/LeLsJfGmY_Y' ,'2017-03-20', 'Life');

INSERT INTO SCREEN(IDSCREEN, ISDIRECTORSBOX, NOOFSEATS, SCREENNUM, SCREENTYPE, CINEMA_IDCINEMA) VALUES (1, 'false', '120', '1', '3D', 1);
INSERT INTO SCREEN(IDSCREEN, ISDIRECTORSBOX, NOOFSEATS, SCREENNUM, SCREENTYPE, CINEMA_IDCINEMA) VALUES (2, 'true', '50', '1', '3D', 2);
INSERT INTO SCREEN(IDSCREEN, ISDIRECTORSBOX, NOOFSEATS, SCREENNUM, SCREENTYPE, CINEMA_IDCINEMA) VALUES (3, 'false', '120', '1', '3D', 3);

INSERT INTO SHOWING(IDSHOWING, AVAILABLESEATS, SHOWINGTYPE, STARTTIME, MOVIE_IDMOVIE, SCREEN_IDSCREEN, SHOWINGDATE) VALUES (1, '11', '2D', '11am', 1, 3, '2017-03-23');
INSERT INTO SHOWING(IDSHOWING, AVAILABLESEATS, SHOWINGTYPE, STARTTIME, MOVIE_IDMOVIE, SCREEN_IDSCREEN, SHOWINGDATE) VALUES (2, '91', '3D', '1pm', 1, 3, '2017-03-23');
INSERT INTO SHOWING(IDSHOWING, AVAILABLESEATS, SHOWINGTYPE, STARTTIME, MOVIE_IDMOVIE, SCREEN_IDSCREEN, SHOWINGDATE) VALUES (3, '42', '3D', '5pm', 1, 3, '2017-03-23');
INSERT INTO SHOWING(IDSHOWING, AVAILABLESEATS, SHOWINGTYPE, STARTTIME, MOVIE_IDMOVIE, SCREEN_IDSCREEN, SHOWINGDATE) VALUES (4, '15', '3D', '9am', 2, 3, '2017-03-23');
INSERT INTO SHOWING(IDSHOWING, AVAILABLESEATS, SHOWINGTYPE, STARTTIME, MOVIE_IDMOVIE, SCREEN_IDSCREEN, SHOWINGDATE) VALUES (5, '55', '2D', '3pm', 2, 3, '2017-03-23');
INSERT INTO SHOWING(IDSHOWING, AVAILABLESEATS, SHOWINGTYPE, STARTTIME, MOVIE_IDMOVIE, SCREEN_IDSCREEN, SHOWINGDATE) VALUES (6, '75', '2D', '8pm', 2, 3, '2017-03-23');
INSERT INTO SHOWING(IDSHOWING, AVAILABLESEATS, SHOWINGTYPE, STARTTIME, MOVIE_IDMOVIE, SCREEN_IDSCREEN, SHOWINGDATE) VALUES (7, '54', '2D', '11am', 3, 3, '2017-03-23');
INSERT INTO SHOWING(IDSHOWING, AVAILABLESEATS, SHOWINGTYPE, STARTTIME, MOVIE_IDMOVIE, SCREEN_IDSCREEN, SHOWINGDATE) VALUES (8, '15', '2D', '1pm', 3, 3, '2017-03-23');
INSERT INTO SHOWING(IDSHOWING, AVAILABLESEATS, SHOWINGTYPE, STARTTIME, MOVIE_IDMOVIE, SCREEN_IDSCREEN, SHOWINGDATE) VALUES (9, '44', '2D', '5pm', 3, 3, '2017-03-23');
INSERT INTO SHOWING(IDSHOWING, AVAILABLESEATS, SHOWINGTYPE, STARTTIME, MOVIE_IDMOVIE, SCREEN_IDSCREEN, SHOWINGDATE) VALUES (10, '63', '3D', '9am', 4, 3, '2017-03-23');
INSERT INTO SHOWING(IDSHOWING, AVAILABLESEATS, SHOWINGTYPE, STARTTIME, MOVIE_IDMOVIE, SCREEN_IDSCREEN, SHOWINGDATE) VALUES (11, '2', '2D', '3pm', 4, 3, '2017-03-23');
INSERT INTO SHOWING(IDSHOWING, AVAILABLESEATS, SHOWINGTYPE, STARTTIME, MOVIE_IDMOVIE, SCREEN_IDSCREEN, SHOWINGDATE) VALUES (12, '8', '2D', '8pm', 4, 3, '2017-03-23');
INSERT INTO SHOWING(IDSHOWING, AVAILABLESEATS, SHOWINGTYPE, STARTTIME, MOVIE_IDMOVIE, SCREEN_IDSCREEN, SHOWINGDATE) VALUES (13, '50', '2D', '11am', 5, 3, '2017-03-23');
INSERT INTO SHOWING(IDSHOWING, AVAILABLESEATS, SHOWINGTYPE, STARTTIME, MOVIE_IDMOVIE, SCREEN_IDSCREEN, SHOWINGDATE) VALUES (14, '63', '3D', '1pm', 5, 3, '2017-03-23');
INSERT INTO SHOWING(IDSHOWING, AVAILABLESEATS, SHOWINGTYPE, STARTTIME, MOVIE_IDMOVIE, SCREEN_IDSCREEN, SHOWINGDATE) VALUES (15, '0', '2D', '5pm', 5, 3, '2017-03-23');
INSERT INTO SHOWING(IDSHOWING, AVAILABLESEATS, SHOWINGTYPE, STARTTIME, MOVIE_IDMOVIE, SCREEN_IDSCREEN, SHOWINGDATE) VALUES (16, '55', '3D', '9am', 6, 3, '2017-03-23');
INSERT INTO SHOWING(IDSHOWING, AVAILABLESEATS, SHOWINGTYPE, STARTTIME, MOVIE_IDMOVIE, SCREEN_IDSCREEN, SHOWINGDATE) VALUES (17, '20', '2D', '3pm', 6, 3, '2017-03-23');
INSERT INTO SHOWING(IDSHOWING, AVAILABLESEATS, SHOWINGTYPE, STARTTIME, MOVIE_IDMOVIE, SCREEN_IDSCREEN, SHOWINGDATE) VALUES (18, '39', '2D', '8pm', 6, 3, '2017-03-23');
INSERT INTO SHOWING(IDSHOWING, AVAILABLESEATS, SHOWINGTYPE, STARTTIME, MOVIE_IDMOVIE, SCREEN_IDSCREEN, SHOWINGDATE) VALUES (19, '70', '2D', '9am', 8, 3, '2017-03-23');
INSERT INTO SHOWING(IDSHOWING, AVAILABLESEATS, SHOWINGTYPE, STARTTIME, MOVIE_IDMOVIE, SCREEN_IDSCREEN, SHOWINGDATE) VALUES (20, '0', '2D', '3pm', 8, 3, '2017-03-23');
INSERT INTO SHOWING(IDSHOWING, AVAILABLESEATS, SHOWINGTYPE, STARTTIME, MOVIE_IDMOVIE, SCREEN_IDSCREEN, SHOWINGDATE) VALUES (21, '40', '2D', '8pm', 8, 3, '2017-03-23');
INSERT INTO SHOWING(IDSHOWING, AVAILABLESEATS, SHOWINGTYPE, STARTTIME, MOVIE_IDMOVIE, SCREEN_IDSCREEN, SHOWINGDATE) VALUES (22, '89', '2D', '11am', 9, 3, '2017-03-23');
INSERT INTO SHOWING(IDSHOWING, AVAILABLESEATS, SHOWINGTYPE, STARTTIME, MOVIE_IDMOVIE, SCREEN_IDSCREEN, SHOWINGDATE) VALUES (23, '76', '3D', '1pm', 9, 3, '2017-03-23');
INSERT INTO SHOWING(IDSHOWING, AVAILABLESEATS, SHOWINGTYPE, STARTTIME, MOVIE_IDMOVIE, SCREEN_IDSCREEN, SHOWINGDATE) VALUES (24, '95', '2D', '5pm', 9, 3, '2017-03-23');
INSERT INTO SHOWING(IDSHOWING, AVAILABLESEATS, SHOWINGTYPE, STARTTIME, MOVIE_IDMOVIE, SCREEN_IDSCREEN, SHOWINGDATE) VALUES (25, '72', '2D', '11am', 1, 3, '2017-03-24');
INSERT INTO SHOWING(IDSHOWING, AVAILABLESEATS, SHOWINGTYPE, STARTTIME, MOVIE_IDMOVIE, SCREEN_IDSCREEN, SHOWINGDATE) VALUES (26, '86', '3D', '1pm', 1, 3, '2017-03-24');
INSERT INTO SHOWING(IDSHOWING, AVAILABLESEATS, SHOWINGTYPE, STARTTIME, MOVIE_IDMOVIE, SCREEN_IDSCREEN, SHOWINGDATE) VALUES (27, '72', '2D', '5pm', 1, 3, '2017-03-24');
INSERT INTO SHOWING(IDSHOWING, AVAILABLESEATS, SHOWINGTYPE, STARTTIME, MOVIE_IDMOVIE, SCREEN_IDSCREEN, SHOWINGDATE) VALUES (28, '54', '3D', '9am', 2, 3, '2017-03-24');
INSERT INTO SHOWING(IDSHOWING, AVAILABLESEATS, SHOWINGTYPE, STARTTIME, MOVIE_IDMOVIE, SCREEN_IDSCREEN, SHOWINGDATE) VALUES (29, '42', '2D', '3pm', 2, 3, '2017-03-24');
INSERT INTO SHOWING(IDSHOWING, AVAILABLESEATS, SHOWINGTYPE, STARTTIME, MOVIE_IDMOVIE, SCREEN_IDSCREEN, SHOWINGDATE) VALUES (30, '77', '2D', '8pm', 2, 3, '2017-03-24');
INSERT INTO SHOWING(IDSHOWING, AVAILABLESEATS, SHOWINGTYPE, STARTTIME, MOVIE_IDMOVIE, SCREEN_IDSCREEN, SHOWINGDATE) VALUES (31, '5', '2D', '11am', 3, 3, '2017-03-24');
INSERT INTO SHOWING(IDSHOWING, AVAILABLESEATS, SHOWINGTYPE, STARTTIME, MOVIE_IDMOVIE, SCREEN_IDSCREEN, SHOWINGDATE) VALUES (32, '0', '2D', '1pm', 3, 3, '2017-03-24');
INSERT INTO SHOWING(IDSHOWING, AVAILABLESEATS, SHOWINGTYPE, STARTTIME, MOVIE_IDMOVIE, SCREEN_IDSCREEN, SHOWINGDATE) VALUES (33, '8', '3D', '5pm', 3, 3, '2017-03-24');
INSERT INTO SHOWING(IDSHOWING, AVAILABLESEATS, SHOWINGTYPE, STARTTIME, MOVIE_IDMOVIE, SCREEN_IDSCREEN, SHOWINGDATE) VALUES (34, '56', '2D', '9am', 4, 3, '2017-03-24');
INSERT INTO SHOWING(IDSHOWING, AVAILABLESEATS, SHOWINGTYPE, STARTTIME, MOVIE_IDMOVIE, SCREEN_IDSCREEN, SHOWINGDATE) VALUES (35, '54', '2D', '3pm', 4, 3, '2017-03-24');
INSERT INTO SHOWING(IDSHOWING, AVAILABLESEATS, SHOWINGTYPE, STARTTIME, MOVIE_IDMOVIE, SCREEN_IDSCREEN, SHOWINGDATE) VALUES (36, '79', '2D', '8pm', 4, 3, '2017-03-24');
INSERT INTO SHOWING(IDSHOWING, AVAILABLESEATS, SHOWINGTYPE, STARTTIME, MOVIE_IDMOVIE, SCREEN_IDSCREEN, SHOWINGDATE) VALUES (37, '10', '2D', '11am', 5, 3, '2017-03-24');
INSERT INTO SHOWING(IDSHOWING, AVAILABLESEATS, SHOWINGTYPE, STARTTIME, MOVIE_IDMOVIE, SCREEN_IDSCREEN, SHOWINGDATE) VALUES (38, '49', '2D', '1pm', 5, 3, '2017-03-24');
INSERT INTO SHOWING(IDSHOWING, AVAILABLESEATS, SHOWINGTYPE, STARTTIME, MOVIE_IDMOVIE, SCREEN_IDSCREEN, SHOWINGDATE) VALUES (39, '85', '2D', '5pm', 5, 3, '2017-03-24');
INSERT INTO SHOWING(IDSHOWING, AVAILABLESEATS, SHOWINGTYPE, STARTTIME, MOVIE_IDMOVIE, SCREEN_IDSCREEN, SHOWINGDATE) VALUES (40, '21', '3D', '9am', 6, 3, '2017-03-24');
INSERT INTO SHOWING(IDSHOWING, AVAILABLESEATS, SHOWINGTYPE, STARTTIME, MOVIE_IDMOVIE, SCREEN_IDSCREEN, SHOWINGDATE) VALUES (41, '0', '3D', '3pm', 6, 3, '2017-03-24');
INSERT INTO SHOWING(IDSHOWING, AVAILABLESEATS, SHOWINGTYPE, STARTTIME, MOVIE_IDMOVIE, SCREEN_IDSCREEN, SHOWINGDATE) VALUES (42, '74', '2D', '8pm', 6, 3, '2017-03-24');
INSERT INTO SHOWING(IDSHOWING, AVAILABLESEATS, SHOWINGTYPE, STARTTIME, MOVIE_IDMOVIE, SCREEN_IDSCREEN, SHOWINGDATE) VALUES (43, '67', '2D', '9am', 8, 3, '2017-03-24');
INSERT INTO SHOWING(IDSHOWING, AVAILABLESEATS, SHOWINGTYPE, STARTTIME, MOVIE_IDMOVIE, SCREEN_IDSCREEN, SHOWINGDATE) VALUES (44, '36', '2D', '3pm', 8, 3, '2017-03-24');
INSERT INTO SHOWING(IDSHOWING, AVAILABLESEATS, SHOWINGTYPE, STARTTIME, MOVIE_IDMOVIE, SCREEN_IDSCREEN, SHOWINGDATE) VALUES (45, '99', '3D', '8pm', 8, 3, '2017-03-24');
INSERT INTO SHOWING(IDSHOWING, AVAILABLESEATS, SHOWINGTYPE, STARTTIME, MOVIE_IDMOVIE, SCREEN_IDSCREEN, SHOWINGDATE) VALUES (46, '81', '2D', '11am', 9, 3, '2017-03-24');
INSERT INTO SHOWING(IDSHOWING, AVAILABLESEATS, SHOWINGTYPE, STARTTIME, MOVIE_IDMOVIE, SCREEN_IDSCREEN, SHOWINGDATE) VALUES (47, '86', '2D', '1pm', 9, 3, '2017-03-24');
INSERT INTO SHOWING(IDSHOWING, AVAILABLESEATS, SHOWINGTYPE, STARTTIME, MOVIE_IDMOVIE, SCREEN_IDSCREEN, SHOWINGDATE) VALUES (48, '19', '2D', '5pm', 9, 3, '2017-03-24');
INSERT INTO SHOWING(IDSHOWING, AVAILABLESEATS, SHOWINGTYPE, STARTTIME, MOVIE_IDMOVIE, SCREEN_IDSCREEN, SHOWINGDATE) VALUES (49, '24', '2D', '11am', 1, 3, '2017-03-25');
INSERT INTO SHOWING(IDSHOWING, AVAILABLESEATS, SHOWINGTYPE, STARTTIME, MOVIE_IDMOVIE, SCREEN_IDSCREEN, SHOWINGDATE) VALUES (50, '70', '2D', '1pm', 1, 3, '2017-03-25');
INSERT INTO SHOWING(IDSHOWING, AVAILABLESEATS, SHOWINGTYPE, STARTTIME, MOVIE_IDMOVIE, SCREEN_IDSCREEN, SHOWINGDATE) VALUES (51, '14', '3D', '5pm', 1, 3, '2017-03-25');
INSERT INTO SHOWING(IDSHOWING, AVAILABLESEATS, SHOWINGTYPE, STARTTIME, MOVIE_IDMOVIE, SCREEN_IDSCREEN, SHOWINGDATE) VALUES (52, '19', '2D', '9am', 2, 3, '2017-03-25');
INSERT INTO SHOWING(IDSHOWING, AVAILABLESEATS, SHOWINGTYPE, STARTTIME, MOVIE_IDMOVIE, SCREEN_IDSCREEN, SHOWINGDATE) VALUES (53, '97', '2D', '3pm', 2, 3, '2017-03-25');
INSERT INTO SHOWING(IDSHOWING, AVAILABLESEATS, SHOWINGTYPE, STARTTIME, MOVIE_IDMOVIE, SCREEN_IDSCREEN, SHOWINGDATE) VALUES (54, '41', '2D', '8pm', 2, 3, '2017-03-25');
INSERT INTO SHOWING(IDSHOWING, AVAILABLESEATS, SHOWINGTYPE, STARTTIME, MOVIE_IDMOVIE, SCREEN_IDSCREEN, SHOWINGDATE) VALUES (55, '66', '2D', '11am', 3, 3, '2017-03-25');
INSERT INTO SHOWING(IDSHOWING, AVAILABLESEATS, SHOWINGTYPE, STARTTIME, MOVIE_IDMOVIE, SCREEN_IDSCREEN, SHOWINGDATE) VALUES (56, '10', '2D', '1pm', 3, 3, '2017-03-25');
INSERT INTO SHOWING(IDSHOWING, AVAILABLESEATS, SHOWINGTYPE, STARTTIME, MOVIE_IDMOVIE, SCREEN_IDSCREEN, SHOWINGDATE) VALUES (57, '6', '3D', '5pm', 3, 3, '2017-03-25');
INSERT INTO SHOWING(IDSHOWING, AVAILABLESEATS, SHOWINGTYPE, STARTTIME, MOVIE_IDMOVIE, SCREEN_IDSCREEN, SHOWINGDATE) VALUES (58, '40', '2D', '9am', 4, 3, '2017-03-25');
INSERT INTO SHOWING(IDSHOWING, AVAILABLESEATS, SHOWINGTYPE, STARTTIME, MOVIE_IDMOVIE, SCREEN_IDSCREEN, SHOWINGDATE) VALUES (59, '22', '2D', '3pm', 4, 3, '2017-03-25');
INSERT INTO SHOWING(IDSHOWING, AVAILABLESEATS, SHOWINGTYPE, STARTTIME, MOVIE_IDMOVIE, SCREEN_IDSCREEN, SHOWINGDATE) VALUES (60, '53', '2D', '8pm', 4, 3, '2017-03-25');
INSERT INTO SHOWING(IDSHOWING, AVAILABLESEATS, SHOWINGTYPE, STARTTIME, MOVIE_IDMOVIE, SCREEN_IDSCREEN, SHOWINGDATE) VALUES (61, '100', '3D', '11am', 5, 3, '2017-03-25');
INSERT INTO SHOWING(IDSHOWING, AVAILABLESEATS, SHOWINGTYPE, STARTTIME, MOVIE_IDMOVIE, SCREEN_IDSCREEN, SHOWINGDATE) VALUES (62, '78', '2D', '1pm', 5, 3, '2017-03-25');
INSERT INTO SHOWING(IDSHOWING, AVAILABLESEATS, SHOWINGTYPE, STARTTIME, MOVIE_IDMOVIE, SCREEN_IDSCREEN, SHOWINGDATE) VALUES (63, '11', '2D', '5pm', 5, 3, '2017-03-25');
INSERT INTO SHOWING(IDSHOWING, AVAILABLESEATS, SHOWINGTYPE, STARTTIME, MOVIE_IDMOVIE, SCREEN_IDSCREEN, SHOWINGDATE) VALUES (64, '42', '2D', '9am', 6, 3, '2017-03-25');
INSERT INTO SHOWING(IDSHOWING, AVAILABLESEATS, SHOWINGTYPE, STARTTIME, MOVIE_IDMOVIE, SCREEN_IDSCREEN, SHOWINGDATE) VALUES (65, '28', '2D', '3pm', 6, 3, '2017-03-25');
INSERT INTO SHOWING(IDSHOWING, AVAILABLESEATS, SHOWINGTYPE, STARTTIME, MOVIE_IDMOVIE, SCREEN_IDSCREEN, SHOWINGDATE) VALUES (66, '65', '2D', '8pm', 6, 3, '2017-03-25');
INSERT INTO SHOWING(IDSHOWING, AVAILABLESEATS, SHOWINGTYPE, STARTTIME, MOVIE_IDMOVIE, SCREEN_IDSCREEN, SHOWINGDATE) VALUES (67, '80', '3D', '9am', 8, 3, '2017-03-25');
INSERT INTO SHOWING(IDSHOWING, AVAILABLESEATS, SHOWINGTYPE, STARTTIME, MOVIE_IDMOVIE, SCREEN_IDSCREEN, SHOWINGDATE) VALUES (68, '74', '2D', '3pm', 8, 3, '2017-03-25');
INSERT INTO SHOWING(IDSHOWING, AVAILABLESEATS, SHOWINGTYPE, STARTTIME, MOVIE_IDMOVIE, SCREEN_IDSCREEN, SHOWINGDATE) VALUES (69, '59', '2D', '8pm', 8, 3, '2017-03-25');
INSERT INTO SHOWING(IDSHOWING, AVAILABLESEATS, SHOWINGTYPE, STARTTIME, MOVIE_IDMOVIE, SCREEN_IDSCREEN, SHOWINGDATE) VALUES (70, '78', '2D', '11am', 9, 3, '2017-03-25');
INSERT INTO SHOWING(IDSHOWING, AVAILABLESEATS, SHOWINGTYPE, STARTTIME, MOVIE_IDMOVIE, SCREEN_IDSCREEN, SHOWINGDATE) VALUES (71, '84', '3D', '1pm', 9, 3, '2017-03-25');
INSERT INTO SHOWING(IDSHOWING, AVAILABLESEATS, SHOWINGTYPE, STARTTIME, MOVIE_IDMOVIE, SCREEN_IDSCREEN, SHOWINGDATE) VALUES (72, '86', '3D', '5pm', 9, 3, '2017-03-25');
INSERT INTO SHOWING(IDSHOWING, AVAILABLESEATS, SHOWINGTYPE, STARTTIME, MOVIE_IDMOVIE, SCREEN_IDSCREEN, SHOWINGDATE) VALUES (73, '38', '2D', '11am', 1, 3, '2017-03-26');
INSERT INTO SHOWING(IDSHOWING, AVAILABLESEATS, SHOWINGTYPE, STARTTIME, MOVIE_IDMOVIE, SCREEN_IDSCREEN, SHOWINGDATE) VALUES (74, '38', '2D', '1pm', 1, 3, '2017-03-26');
INSERT INTO SHOWING(IDSHOWING, AVAILABLESEATS, SHOWINGTYPE, STARTTIME, MOVIE_IDMOVIE, SCREEN_IDSCREEN, SHOWINGDATE) VALUES (75, '96', '2D', '5pm', 1, 3, '2017-03-26');
INSERT INTO SHOWING(IDSHOWING, AVAILABLESEATS, SHOWINGTYPE, STARTTIME, MOVIE_IDMOVIE, SCREEN_IDSCREEN, SHOWINGDATE) VALUES (76, '39', '2D', '9am', 2, 3, '2017-03-26');
INSERT INTO SHOWING(IDSHOWING, AVAILABLESEATS, SHOWINGTYPE, STARTTIME, MOVIE_IDMOVIE, SCREEN_IDSCREEN, SHOWINGDATE) VALUES (77, '67', '2D', '3pm', 2, 3, '2017-03-26');
INSERT INTO SHOWING(IDSHOWING, AVAILABLESEATS, SHOWINGTYPE, STARTTIME, MOVIE_IDMOVIE, SCREEN_IDSCREEN, SHOWINGDATE) VALUES (78, '83', '2D', '8pm', 2, 3, '2017-03-26');
INSERT INTO SHOWING(IDSHOWING, AVAILABLESEATS, SHOWINGTYPE, STARTTIME, MOVIE_IDMOVIE, SCREEN_IDSCREEN, SHOWINGDATE) VALUES (79, '0', '2D', '11am', 3, 3, '2017-03-26');
INSERT INTO SHOWING(IDSHOWING, AVAILABLESEATS, SHOWINGTYPE, STARTTIME, MOVIE_IDMOVIE, SCREEN_IDSCREEN, SHOWINGDATE) VALUES (80, '68', '2D', '1pm', 3, 3, '2017-03-26');
INSERT INTO SHOWING(IDSHOWING, AVAILABLESEATS, SHOWINGTYPE, STARTTIME, MOVIE_IDMOVIE, SCREEN_IDSCREEN, SHOWINGDATE) VALUES (81, '19', '3D', '5pm', 3, 3, '2017-03-26');
INSERT INTO SHOWING(IDSHOWING, AVAILABLESEATS, SHOWINGTYPE, STARTTIME, MOVIE_IDMOVIE, SCREEN_IDSCREEN, SHOWINGDATE) VALUES (82, '61', '2D', '9am', 4, 3, '2017-03-26');
INSERT INTO SHOWING(IDSHOWING, AVAILABLESEATS, SHOWINGTYPE, STARTTIME, MOVIE_IDMOVIE, SCREEN_IDSCREEN, SHOWINGDATE) VALUES (83, '24', '2D', '3pm', 4, 3, '2017-03-26');
INSERT INTO SHOWING(IDSHOWING, AVAILABLESEATS, SHOWINGTYPE, STARTTIME, MOVIE_IDMOVIE, SCREEN_IDSCREEN, SHOWINGDATE) VALUES (84, '100', '3D', '8pm', 4, 3, '2017-03-26');
INSERT INTO SHOWING(IDSHOWING, AVAILABLESEATS, SHOWINGTYPE, STARTTIME, MOVIE_IDMOVIE, SCREEN_IDSCREEN, SHOWINGDATE) VALUES (85, '21', '2D', '11am', 5, 3, '2017-03-26');
INSERT INTO SHOWING(IDSHOWING, AVAILABLESEATS, SHOWINGTYPE, STARTTIME, MOVIE_IDMOVIE, SCREEN_IDSCREEN, SHOWINGDATE) VALUES (86, '76', '2D', '1pm', 5, 3, '2017-03-26');
INSERT INTO SHOWING(IDSHOWING, AVAILABLESEATS, SHOWINGTYPE, STARTTIME, MOVIE_IDMOVIE, SCREEN_IDSCREEN, SHOWINGDATE) VALUES (87, '21', '2D', '5pm', 5, 3, '2017-03-26');
INSERT INTO SHOWING(IDSHOWING, AVAILABLESEATS, SHOWINGTYPE, STARTTIME, MOVIE_IDMOVIE, SCREEN_IDSCREEN, SHOWINGDATE) VALUES (88, '12', '2D', '9am', 6, 3, '2017-03-26');
INSERT INTO SHOWING(IDSHOWING, AVAILABLESEATS, SHOWINGTYPE, STARTTIME, MOVIE_IDMOVIE, SCREEN_IDSCREEN, SHOWINGDATE) VALUES (89, '64', '2D', '3pm', 6, 3, '2017-03-26');
INSERT INTO SHOWING(IDSHOWING, AVAILABLESEATS, SHOWINGTYPE, STARTTIME, MOVIE_IDMOVIE, SCREEN_IDSCREEN, SHOWINGDATE) VALUES (90, '52', '3D', '8pm', 6, 3, '2017-03-26');
INSERT INTO SHOWING(IDSHOWING, AVAILABLESEATS, SHOWINGTYPE, STARTTIME, MOVIE_IDMOVIE, SCREEN_IDSCREEN, SHOWINGDATE) VALUES (91, '17', '2D', '9am', 8, 3, '2017-03-26');
INSERT INTO SHOWING(IDSHOWING, AVAILABLESEATS, SHOWINGTYPE, STARTTIME, MOVIE_IDMOVIE, SCREEN_IDSCREEN, SHOWINGDATE) VALUES (92, '11', '2D', '3pm', 8, 3, '2017-03-26');
INSERT INTO SHOWING(IDSHOWING, AVAILABLESEATS, SHOWINGTYPE, STARTTIME, MOVIE_IDMOVIE, SCREEN_IDSCREEN, SHOWINGDATE) VALUES (93, '20', '2D', '8pm', 8, 3, '2017-03-26');
INSERT INTO SHOWING(IDSHOWING, AVAILABLESEATS, SHOWINGTYPE, STARTTIME, MOVIE_IDMOVIE, SCREEN_IDSCREEN, SHOWINGDATE) VALUES (94, '17', '2D', '11am', 9, 3, '2017-03-26');
INSERT INTO SHOWING(IDSHOWING, AVAILABLESEATS, SHOWINGTYPE, STARTTIME, MOVIE_IDMOVIE, SCREEN_IDSCREEN, SHOWINGDATE) VALUES (95, '72', '3D', '1pm', 9, 3, '2017-03-26');
INSERT INTO SHOWING(IDSHOWING, AVAILABLESEATS, SHOWINGTYPE, STARTTIME, MOVIE_IDMOVIE, SCREEN_IDSCREEN, SHOWINGDATE) VALUES (96, '19', '2D', '5pm', 9, 3, '2017-03-26');
INSERT INTO SHOWING(IDSHOWING, AVAILABLESEATS, SHOWINGTYPE, STARTTIME, MOVIE_IDMOVIE, SCREEN_IDSCREEN, SHOWINGDATE) VALUES (97, '2', '3D', '11am', 1, 3, '2017-03-27');
INSERT INTO SHOWING(IDSHOWING, AVAILABLESEATS, SHOWINGTYPE, STARTTIME, MOVIE_IDMOVIE, SCREEN_IDSCREEN, SHOWINGDATE) VALUES (98, '10', '3D', '1pm', 1, 3, '2017-03-27');
INSERT INTO SHOWING(IDSHOWING, AVAILABLESEATS, SHOWINGTYPE, STARTTIME, MOVIE_IDMOVIE, SCREEN_IDSCREEN, SHOWINGDATE) VALUES (99, '31', '2D', '5pm', 1, 3, '2017-03-27');
INSERT INTO SHOWING(IDSHOWING, AVAILABLESEATS, SHOWINGTYPE, STARTTIME, MOVIE_IDMOVIE, SCREEN_IDSCREEN, SHOWINGDATE) VALUES (100, '12', '2D', '9am', 2, 3, '2017-03-27');
INSERT INTO SHOWING(IDSHOWING, AVAILABLESEATS, SHOWINGTYPE, STARTTIME, MOVIE_IDMOVIE, SCREEN_IDSCREEN, SHOWINGDATE) VALUES (101, '44', '2D', '3pm', 2, 3, '2017-03-27');
INSERT INTO SHOWING(IDSHOWING, AVAILABLESEATS, SHOWINGTYPE, STARTTIME, MOVIE_IDMOVIE, SCREEN_IDSCREEN, SHOWINGDATE) VALUES (102, '63', '3D', '8pm', 2, 3, '2017-03-27');
INSERT INTO SHOWING(IDSHOWING, AVAILABLESEATS, SHOWINGTYPE, STARTTIME, MOVIE_IDMOVIE, SCREEN_IDSCREEN, SHOWINGDATE) VALUES (103, '58', '3D', '11am', 3, 3, '2017-03-27');
INSERT INTO SHOWING(IDSHOWING, AVAILABLESEATS, SHOWINGTYPE, STARTTIME, MOVIE_IDMOVIE, SCREEN_IDSCREEN, SHOWINGDATE) VALUES (104, '58', '3D', '1pm', 3, 3, '2017-03-27');
INSERT INTO SHOWING(IDSHOWING, AVAILABLESEATS, SHOWINGTYPE, STARTTIME, MOVIE_IDMOVIE, SCREEN_IDSCREEN, SHOWINGDATE) VALUES (105, '43', '2D', '5pm', 3, 3, '2017-03-27');
INSERT INTO SHOWING(IDSHOWING, AVAILABLESEATS, SHOWINGTYPE, STARTTIME, MOVIE_IDMOVIE, SCREEN_IDSCREEN, SHOWINGDATE) VALUES (106, '7', '2D', '9am', 4, 3, '2017-03-27');
INSERT INTO SHOWING(IDSHOWING, AVAILABLESEATS, SHOWINGTYPE, STARTTIME, MOVIE_IDMOVIE, SCREEN_IDSCREEN, SHOWINGDATE) VALUES (107, '69', '3D', '3pm', 4, 3, '2017-03-27');
INSERT INTO SHOWING(IDSHOWING, AVAILABLESEATS, SHOWINGTYPE, STARTTIME, MOVIE_IDMOVIE, SCREEN_IDSCREEN, SHOWINGDATE) VALUES (108, '30', '2D', '8pm', 4, 3, '2017-03-27');
INSERT INTO SHOWING(IDSHOWING, AVAILABLESEATS, SHOWINGTYPE, STARTTIME, MOVIE_IDMOVIE, SCREEN_IDSCREEN, SHOWINGDATE) VALUES (109, '60', '2D', '11am', 5, 3, '2017-03-27');
INSERT INTO SHOWING(IDSHOWING, AVAILABLESEATS, SHOWINGTYPE, STARTTIME, MOVIE_IDMOVIE, SCREEN_IDSCREEN, SHOWINGDATE) VALUES (110, '23', '2D', '1pm', 5, 3, '2017-03-27');
INSERT INTO SHOWING(IDSHOWING, AVAILABLESEATS, SHOWINGTYPE, STARTTIME, MOVIE_IDMOVIE, SCREEN_IDSCREEN, SHOWINGDATE) VALUES (111, '32', '3D', '5pm', 5, 3, '2017-03-27');
INSERT INTO SHOWING(IDSHOWING, AVAILABLESEATS, SHOWINGTYPE, STARTTIME, MOVIE_IDMOVIE, SCREEN_IDSCREEN, SHOWINGDATE) VALUES (112, '4', '2D', '9am', 6, 3, '2017-03-27');
INSERT INTO SHOWING(IDSHOWING, AVAILABLESEATS, SHOWINGTYPE, STARTTIME, MOVIE_IDMOVIE, SCREEN_IDSCREEN, SHOWINGDATE) VALUES (113, '67', '3D', '3pm', 6, 3, '2017-03-27');
INSERT INTO SHOWING(IDSHOWING, AVAILABLESEATS, SHOWINGTYPE, STARTTIME, MOVIE_IDMOVIE, SCREEN_IDSCREEN, SHOWINGDATE) VALUES (114, '22', '2D', '8pm', 6, 3, '2017-03-27');
INSERT INTO SHOWING(IDSHOWING, AVAILABLESEATS, SHOWINGTYPE, STARTTIME, MOVIE_IDMOVIE, SCREEN_IDSCREEN, SHOWINGDATE) VALUES (115, '80', '3D', '9am', 8, 3, '2017-03-27');
INSERT INTO SHOWING(IDSHOWING, AVAILABLESEATS, SHOWINGTYPE, STARTTIME, MOVIE_IDMOVIE, SCREEN_IDSCREEN, SHOWINGDATE) VALUES (116, '65', '3D', '3pm', 8, 3, '2017-03-27');
INSERT INTO SHOWING(IDSHOWING, AVAILABLESEATS, SHOWINGTYPE, STARTTIME, MOVIE_IDMOVIE, SCREEN_IDSCREEN, SHOWINGDATE) VALUES (117, '15', '2D', '8pm', 8, 3, '2017-03-27');
INSERT INTO SHOWING(IDSHOWING, AVAILABLESEATS, SHOWINGTYPE, STARTTIME, MOVIE_IDMOVIE, SCREEN_IDSCREEN, SHOWINGDATE) VALUES (118, '9', '3D', '11am', 9, 3, '2017-03-27');
INSERT INTO SHOWING(IDSHOWING, AVAILABLESEATS, SHOWINGTYPE, STARTTIME, MOVIE_IDMOVIE, SCREEN_IDSCREEN, SHOWINGDATE) VALUES (119, '53', '3D', '1pm', 9, 3, '2017-03-27');
INSERT INTO SHOWING(IDSHOWING, AVAILABLESEATS, SHOWINGTYPE, STARTTIME, MOVIE_IDMOVIE, SCREEN_IDSCREEN, SHOWINGDATE) VALUES (120, '75', '2D', '5pm', 9, 3, '2017-03-27');
INSERT INTO SHOWING(IDSHOWING, AVAILABLESEATS, SHOWINGTYPE, STARTTIME, MOVIE_IDMOVIE, SCREEN_IDSCREEN, SHOWINGDATE) VALUES (121, '27', '3D', '11am', 1, 3, '2017-03-28');
INSERT INTO SHOWING(IDSHOWING, AVAILABLESEATS, SHOWINGTYPE, STARTTIME, MOVIE_IDMOVIE, SCREEN_IDSCREEN, SHOWINGDATE) VALUES (122, '7', '2D', '1pm', 1, 3, '2017-03-28');
INSERT INTO SHOWING(IDSHOWING, AVAILABLESEATS, SHOWINGTYPE, STARTTIME, MOVIE_IDMOVIE, SCREEN_IDSCREEN, SHOWINGDATE) VALUES (123, '84', '2D', '5pm', 1, 3, '2017-03-28');
INSERT INTO SHOWING(IDSHOWING, AVAILABLESEATS, SHOWINGTYPE, STARTTIME, MOVIE_IDMOVIE, SCREEN_IDSCREEN, SHOWINGDATE) VALUES (124, '92', '2D', '9am', 2, 3, '2017-03-28');
INSERT INTO SHOWING(IDSHOWING, AVAILABLESEATS, SHOWINGTYPE, STARTTIME, MOVIE_IDMOVIE, SCREEN_IDSCREEN, SHOWINGDATE) VALUES (125, '63', '2D', '3pm', 2, 3, '2017-03-28');
INSERT INTO SHOWING(IDSHOWING, AVAILABLESEATS, SHOWINGTYPE, STARTTIME, MOVIE_IDMOVIE, SCREEN_IDSCREEN, SHOWINGDATE) VALUES (126, '13', '2D', '8pm', 2, 3, '2017-03-28');
INSERT INTO SHOWING(IDSHOWING, AVAILABLESEATS, SHOWINGTYPE, STARTTIME, MOVIE_IDMOVIE, SCREEN_IDSCREEN, SHOWINGDATE) VALUES (127, '80', '3D', '11am', 3, 3, '2017-03-28');
INSERT INTO SHOWING(IDSHOWING, AVAILABLESEATS, SHOWINGTYPE, STARTTIME, MOVIE_IDMOVIE, SCREEN_IDSCREEN, SHOWINGDATE) VALUES (128, '20', '3D', '1pm', 3, 3, '2017-03-28');
INSERT INTO SHOWING(IDSHOWING, AVAILABLESEATS, SHOWINGTYPE, STARTTIME, MOVIE_IDMOVIE, SCREEN_IDSCREEN, SHOWINGDATE) VALUES (129, '5', '2D', '5pm', 3, 3, '2017-03-28');
INSERT INTO SHOWING(IDSHOWING, AVAILABLESEATS, SHOWINGTYPE, STARTTIME, MOVIE_IDMOVIE, SCREEN_IDSCREEN, SHOWINGDATE) VALUES (130, '9', '2D', '9am', 4, 3, '2017-03-28');
INSERT INTO SHOWING(IDSHOWING, AVAILABLESEATS, SHOWINGTYPE, STARTTIME, MOVIE_IDMOVIE, SCREEN_IDSCREEN, SHOWINGDATE) VALUES (131, '62', '2D', '3pm', 4, 3, '2017-03-28');
INSERT INTO SHOWING(IDSHOWING, AVAILABLESEATS, SHOWINGTYPE, STARTTIME, MOVIE_IDMOVIE, SCREEN_IDSCREEN, SHOWINGDATE) VALUES (132, '48', '2D', '8pm', 4, 3, '2017-03-28');
INSERT INTO SHOWING(IDSHOWING, AVAILABLESEATS, SHOWINGTYPE, STARTTIME, MOVIE_IDMOVIE, SCREEN_IDSCREEN, SHOWINGDATE) VALUES (133, '62', '2D', '11am', 5, 3, '2017-03-28');
INSERT INTO SHOWING(IDSHOWING, AVAILABLESEATS, SHOWINGTYPE, STARTTIME, MOVIE_IDMOVIE, SCREEN_IDSCREEN, SHOWINGDATE) VALUES (134, '83', '2D', '1pm', 5, 3, '2017-03-28');
INSERT INTO SHOWING(IDSHOWING, AVAILABLESEATS, SHOWINGTYPE, STARTTIME, MOVIE_IDMOVIE, SCREEN_IDSCREEN, SHOWINGDATE) VALUES (135, '75', '3D', '5pm', 5, 3, '2017-03-28');
INSERT INTO SHOWING(IDSHOWING, AVAILABLESEATS, SHOWINGTYPE, STARTTIME, MOVIE_IDMOVIE, SCREEN_IDSCREEN, SHOWINGDATE) VALUES (136, '8', '2D', '9am', 6, 3, '2017-03-28');
INSERT INTO SHOWING(IDSHOWING, AVAILABLESEATS, SHOWINGTYPE, STARTTIME, MOVIE_IDMOVIE, SCREEN_IDSCREEN, SHOWINGDATE) VALUES (137, '79', '2D', '3pm', 6, 3, '2017-03-28');
INSERT INTO SHOWING(IDSHOWING, AVAILABLESEATS, SHOWINGTYPE, STARTTIME, MOVIE_IDMOVIE, SCREEN_IDSCREEN, SHOWINGDATE) VALUES (138, '98', '3D', '8pm', 6, 3, '2017-03-28');
INSERT INTO SHOWING(IDSHOWING, AVAILABLESEATS, SHOWINGTYPE, STARTTIME, MOVIE_IDMOVIE, SCREEN_IDSCREEN, SHOWINGDATE) VALUES (139, '71', '3D', '9am', 8, 3, '2017-03-28');
INSERT INTO SHOWING(IDSHOWING, AVAILABLESEATS, SHOWINGTYPE, STARTTIME, MOVIE_IDMOVIE, SCREEN_IDSCREEN, SHOWINGDATE) VALUES (140, '40', '2D', '3pm', 8, 3, '2017-03-28');
INSERT INTO SHOWING(IDSHOWING, AVAILABLESEATS, SHOWINGTYPE, STARTTIME, MOVIE_IDMOVIE, SCREEN_IDSCREEN, SHOWINGDATE) VALUES (141, '17', '2D', '8pm', 8, 3, '2017-03-28');
INSERT INTO SHOWING(IDSHOWING, AVAILABLESEATS, SHOWINGTYPE, STARTTIME, MOVIE_IDMOVIE, SCREEN_IDSCREEN, SHOWINGDATE) VALUES (142, '29', '2D', '11am', 9, 3, '2017-03-28');
INSERT INTO SHOWING(IDSHOWING, AVAILABLESEATS, SHOWINGTYPE, STARTTIME, MOVIE_IDMOVIE, SCREEN_IDSCREEN, SHOWINGDATE) VALUES (143, '37', '3D', '1pm', 9, 3, '2017-03-28');
INSERT INTO SHOWING(IDSHOWING, AVAILABLESEATS, SHOWINGTYPE, STARTTIME, MOVIE_IDMOVIE, SCREEN_IDSCREEN, SHOWINGDATE) VALUES (144, '69', '2D', '5pm', 9, 3, '2017-03-28');
INSERT INTO SHOWING(IDSHOWING, AVAILABLESEATS, SHOWINGTYPE, STARTTIME, MOVIE_IDMOVIE, SCREEN_IDSCREEN, SHOWINGDATE) VALUES (145, '39', '2D', '11am', 1, 3, '2017-03-29');
INSERT INTO SHOWING(IDSHOWING, AVAILABLESEATS, SHOWINGTYPE, STARTTIME, MOVIE_IDMOVIE, SCREEN_IDSCREEN, SHOWINGDATE) VALUES (146, '67', '2D', '1pm', 1, 3, '2017-03-29');
INSERT INTO SHOWING(IDSHOWING, AVAILABLESEATS, SHOWINGTYPE, STARTTIME, MOVIE_IDMOVIE, SCREEN_IDSCREEN, SHOWINGDATE) VALUES (147, '17', '2D', '5pm', 1, 3, '2017-03-29');
INSERT INTO SHOWING(IDSHOWING, AVAILABLESEATS, SHOWINGTYPE, STARTTIME, MOVIE_IDMOVIE, SCREEN_IDSCREEN, SHOWINGDATE) VALUES (148, '21', '2D', '9am', 2, 3, '2017-03-29');
INSERT INTO SHOWING(IDSHOWING, AVAILABLESEATS, SHOWINGTYPE, STARTTIME, MOVIE_IDMOVIE, SCREEN_IDSCREEN, SHOWINGDATE) VALUES (149, '96', '2D', '3pm', 2, 3, '2017-03-29');
INSERT INTO SHOWING(IDSHOWING, AVAILABLESEATS, SHOWINGTYPE, STARTTIME, MOVIE_IDMOVIE, SCREEN_IDSCREEN, SHOWINGDATE) VALUES (150, '27', '2D', '8pm', 2, 3, '2017-03-29');
INSERT INTO SHOWING(IDSHOWING, AVAILABLESEATS, SHOWINGTYPE, STARTTIME, MOVIE_IDMOVIE, SCREEN_IDSCREEN, SHOWINGDATE) VALUES (151, '40', '2D', '11am', 3, 3, '2017-03-29');
INSERT INTO SHOWING(IDSHOWING, AVAILABLESEATS, SHOWINGTYPE, STARTTIME, MOVIE_IDMOVIE, SCREEN_IDSCREEN, SHOWINGDATE) VALUES (152, '30', '2D', '1pm', 3, 3, '2017-03-29');
INSERT INTO SHOWING(IDSHOWING, AVAILABLESEATS, SHOWINGTYPE, STARTTIME, MOVIE_IDMOVIE, SCREEN_IDSCREEN, SHOWINGDATE) VALUES (153, '21', '2D', '5pm', 3, 3, '2017-03-29');
INSERT INTO SHOWING(IDSHOWING, AVAILABLESEATS, SHOWINGTYPE, STARTTIME, MOVIE_IDMOVIE, SCREEN_IDSCREEN, SHOWINGDATE) VALUES (154, '47', '3D', '9am', 4, 3, '2017-03-29');
INSERT INTO SHOWING(IDSHOWING, AVAILABLESEATS, SHOWINGTYPE, STARTTIME, MOVIE_IDMOVIE, SCREEN_IDSCREEN, SHOWINGDATE) VALUES (155, '66', '3D', '3pm', 4, 3, '2017-03-29');
INSERT INTO SHOWING(IDSHOWING, AVAILABLESEATS, SHOWINGTYPE, STARTTIME, MOVIE_IDMOVIE, SCREEN_IDSCREEN, SHOWINGDATE) VALUES (156, '9', '2D', '8pm', 4, 3, '2017-03-29');
INSERT INTO SHOWING(IDSHOWING, AVAILABLESEATS, SHOWINGTYPE, STARTTIME, MOVIE_IDMOVIE, SCREEN_IDSCREEN, SHOWINGDATE) VALUES (157, '77', '2D', '11am', 5, 3, '2017-03-29');
INSERT INTO SHOWING(IDSHOWING, AVAILABLESEATS, SHOWINGTYPE, STARTTIME, MOVIE_IDMOVIE, SCREEN_IDSCREEN, SHOWINGDATE) VALUES (158, '45', '2D', '1pm', 5, 3, '2017-03-29');
INSERT INTO SHOWING(IDSHOWING, AVAILABLESEATS, SHOWINGTYPE, STARTTIME, MOVIE_IDMOVIE, SCREEN_IDSCREEN, SHOWINGDATE) VALUES (159, '8', '2D', '5pm', 5, 3, '2017-03-29');
INSERT INTO SHOWING(IDSHOWING, AVAILABLESEATS, SHOWINGTYPE, STARTTIME, MOVIE_IDMOVIE, SCREEN_IDSCREEN, SHOWINGDATE) VALUES (160, '8', '2D', '9am', 6, 3, '2017-03-29');
INSERT INTO SHOWING(IDSHOWING, AVAILABLESEATS, SHOWINGTYPE, STARTTIME, MOVIE_IDMOVIE, SCREEN_IDSCREEN, SHOWINGDATE) VALUES (161, '87', '3D', '3pm', 6, 3, '2017-03-29');
INSERT INTO SHOWING(IDSHOWING, AVAILABLESEATS, SHOWINGTYPE, STARTTIME, MOVIE_IDMOVIE, SCREEN_IDSCREEN, SHOWINGDATE) VALUES (162, '71', '3D', '8pm', 6, 3, '2017-03-29');
INSERT INTO SHOWING(IDSHOWING, AVAILABLESEATS, SHOWINGTYPE, STARTTIME, MOVIE_IDMOVIE, SCREEN_IDSCREEN, SHOWINGDATE) VALUES (163, '100', '3D', '9am', 8, 3, '2017-03-29');
INSERT INTO SHOWING(IDSHOWING, AVAILABLESEATS, SHOWINGTYPE, STARTTIME, MOVIE_IDMOVIE, SCREEN_IDSCREEN, SHOWINGDATE) VALUES (164, '62', '2D', '3pm', 8, 3, '2017-03-29');
INSERT INTO SHOWING(IDSHOWING, AVAILABLESEATS, SHOWINGTYPE, STARTTIME, MOVIE_IDMOVIE, SCREEN_IDSCREEN, SHOWINGDATE) VALUES (165, '81', '2D', '8pm', 8, 3, '2017-03-29');
INSERT INTO SHOWING(IDSHOWING, AVAILABLESEATS, SHOWINGTYPE, STARTTIME, MOVIE_IDMOVIE, SCREEN_IDSCREEN, SHOWINGDATE) VALUES (166, '73', '2D', '11am', 9, 3, '2017-03-29');
INSERT INTO SHOWING(IDSHOWING, AVAILABLESEATS, SHOWINGTYPE, STARTTIME, MOVIE_IDMOVIE, SCREEN_IDSCREEN, SHOWINGDATE) VALUES (167, '89', '2D', '1pm', 9, 3, '2017-03-29');
INSERT INTO SHOWING(IDSHOWING, AVAILABLESEATS, SHOWINGTYPE, STARTTIME, MOVIE_IDMOVIE, SCREEN_IDSCREEN, SHOWINGDATE) VALUES (168, '100', '2D', '5pm', 9, 3, '2017-03-29');
INSERT INTO SHOWING(IDSHOWING, AVAILABLESEATS, SHOWINGTYPE, STARTTIME, MOVIE_IDMOVIE, SCREEN_IDSCREEN, SHOWINGDATE) VALUES (169, '13', '2D', '11am', 1, 3, '2017-03-30');
INSERT INTO SHOWING(IDSHOWING, AVAILABLESEATS, SHOWINGTYPE, STARTTIME, MOVIE_IDMOVIE, SCREEN_IDSCREEN, SHOWINGDATE) VALUES (170, '66', '2D', '1pm', 1, 3, '2017-03-30');
INSERT INTO SHOWING(IDSHOWING, AVAILABLESEATS, SHOWINGTYPE, STARTTIME, MOVIE_IDMOVIE, SCREEN_IDSCREEN, SHOWINGDATE) VALUES (171, '11', '3D', '5pm', 1, 3, '2017-03-30');
INSERT INTO SHOWING(IDSHOWING, AVAILABLESEATS, SHOWINGTYPE, STARTTIME, MOVIE_IDMOVIE, SCREEN_IDSCREEN, SHOWINGDATE) VALUES (172, '89', '3D', '9am', 2, 3, '2017-03-30');
INSERT INTO SHOWING(IDSHOWING, AVAILABLESEATS, SHOWINGTYPE, STARTTIME, MOVIE_IDMOVIE, SCREEN_IDSCREEN, SHOWINGDATE) VALUES (173, '35', '2D', '3pm', 2, 3, '2017-03-30');
INSERT INTO SHOWING(IDSHOWING, AVAILABLESEATS, SHOWINGTYPE, STARTTIME, MOVIE_IDMOVIE, SCREEN_IDSCREEN, SHOWINGDATE) VALUES (174, '79', '3D', '8pm', 2, 3, '2017-03-30');
INSERT INTO SHOWING(IDSHOWING, AVAILABLESEATS, SHOWINGTYPE, STARTTIME, MOVIE_IDMOVIE, SCREEN_IDSCREEN, SHOWINGDATE) VALUES (175, '64', '2D', '11am', 3, 3, '2017-03-30');
INSERT INTO SHOWING(IDSHOWING, AVAILABLESEATS, SHOWINGTYPE, STARTTIME, MOVIE_IDMOVIE, SCREEN_IDSCREEN, SHOWINGDATE) VALUES (176, '18', '3D', '1pm', 3, 3, '2017-03-30');
INSERT INTO SHOWING(IDSHOWING, AVAILABLESEATS, SHOWINGTYPE, STARTTIME, MOVIE_IDMOVIE, SCREEN_IDSCREEN, SHOWINGDATE) VALUES (177, '44', '2D', '5pm', 3, 3, '2017-03-30');
INSERT INTO SHOWING(IDSHOWING, AVAILABLESEATS, SHOWINGTYPE, STARTTIME, MOVIE_IDMOVIE, SCREEN_IDSCREEN, SHOWINGDATE) VALUES (178, '99', '3D', '9am', 4, 3, '2017-03-30');
INSERT INTO SHOWING(IDSHOWING, AVAILABLESEATS, SHOWINGTYPE, STARTTIME, MOVIE_IDMOVIE, SCREEN_IDSCREEN, SHOWINGDATE) VALUES (179, '61', '2D', '3pm', 4, 3, '2017-03-30');
INSERT INTO SHOWING(IDSHOWING, AVAILABLESEATS, SHOWINGTYPE, STARTTIME, MOVIE_IDMOVIE, SCREEN_IDSCREEN, SHOWINGDATE) VALUES (180, '41', '2D', '8pm', 4, 3, '2017-03-30');
INSERT INTO SHOWING(IDSHOWING, AVAILABLESEATS, SHOWINGTYPE, STARTTIME, MOVIE_IDMOVIE, SCREEN_IDSCREEN, SHOWINGDATE) VALUES (181, '19', '2D', '11am', 5, 3, '2017-03-30');
INSERT INTO SHOWING(IDSHOWING, AVAILABLESEATS, SHOWINGTYPE, STARTTIME, MOVIE_IDMOVIE, SCREEN_IDSCREEN, SHOWINGDATE) VALUES (182, '61', '2D', '1pm', 5, 3, '2017-03-30');
INSERT INTO SHOWING(IDSHOWING, AVAILABLESEATS, SHOWINGTYPE, STARTTIME, MOVIE_IDMOVIE, SCREEN_IDSCREEN, SHOWINGDATE) VALUES (183, '70', '2D', '5pm', 5, 3, '2017-03-30');
INSERT INTO SHOWING(IDSHOWING, AVAILABLESEATS, SHOWINGTYPE, STARTTIME, MOVIE_IDMOVIE, SCREEN_IDSCREEN, SHOWINGDATE) VALUES (184, '43', '2D', '9am', 6, 3, '2017-03-30');
INSERT INTO SHOWING(IDSHOWING, AVAILABLESEATS, SHOWINGTYPE, STARTTIME, MOVIE_IDMOVIE, SCREEN_IDSCREEN, SHOWINGDATE) VALUES (185, '42', '3D', '3pm', 6, 3, '2017-03-30');
INSERT INTO SHOWING(IDSHOWING, AVAILABLESEATS, SHOWINGTYPE, STARTTIME, MOVIE_IDMOVIE, SCREEN_IDSCREEN, SHOWINGDATE) VALUES (186, '39', '3D', '8pm', 6, 3, '2017-03-30');
INSERT INTO SHOWING(IDSHOWING, AVAILABLESEATS, SHOWINGTYPE, STARTTIME, MOVIE_IDMOVIE, SCREEN_IDSCREEN, SHOWINGDATE) VALUES (187, '51', '3D', '9am', 8, 3, '2017-03-30');
INSERT INTO SHOWING(IDSHOWING, AVAILABLESEATS, SHOWINGTYPE, STARTTIME, MOVIE_IDMOVIE, SCREEN_IDSCREEN, SHOWINGDATE) VALUES (188, '12', '2D', '3pm', 8, 3, '2017-03-30');
INSERT INTO SHOWING(IDSHOWING, AVAILABLESEATS, SHOWINGTYPE, STARTTIME, MOVIE_IDMOVIE, SCREEN_IDSCREEN, SHOWINGDATE) VALUES (189, '37', '2D', '8pm', 8, 3, '2017-03-30');
INSERT INTO SHOWING(IDSHOWING, AVAILABLESEATS, SHOWINGTYPE, STARTTIME, MOVIE_IDMOVIE, SCREEN_IDSCREEN, SHOWINGDATE) VALUES (190, '35', '2D', '11am', 9, 3, '2017-03-30');
INSERT INTO SHOWING(IDSHOWING, AVAILABLESEATS, SHOWINGTYPE, STARTTIME, MOVIE_IDMOVIE, SCREEN_IDSCREEN, SHOWINGDATE) VALUES (191, '43', '2D', '1pm', 9, 3, '2017-03-30');
INSERT INTO SHOWING(IDSHOWING, AVAILABLESEATS, SHOWINGTYPE, STARTTIME, MOVIE_IDMOVIE, SCREEN_IDSCREEN, SHOWINGDATE) VALUES (192, '2', '2D', '5pm', 9, 3, '2017-03-30');
INSERT INTO SHOWING(IDSHOWING, AVAILABLESEATS, SHOWINGTYPE, STARTTIME, MOVIE_IDMOVIE, SCREEN_IDSCREEN, SHOWINGDATE) VALUES (193, '98', '3D', '11am', 1, 3, '2017-03-31');
INSERT INTO SHOWING(IDSHOWING, AVAILABLESEATS, SHOWINGTYPE, STARTTIME, MOVIE_IDMOVIE, SCREEN_IDSCREEN, SHOWINGDATE) VALUES (194, '83', '2D', '1pm', 1, 3, '2017-03-31');
INSERT INTO SHOWING(IDSHOWING, AVAILABLESEATS, SHOWINGTYPE, STARTTIME, MOVIE_IDMOVIE, SCREEN_IDSCREEN, SHOWINGDATE) VALUES (195, '71', '2D', '5pm', 1, 3, '2017-03-31');
INSERT INTO SHOWING(IDSHOWING, AVAILABLESEATS, SHOWINGTYPE, STARTTIME, MOVIE_IDMOVIE, SCREEN_IDSCREEN, SHOWINGDATE) VALUES (196, '32', '2D', '9am', 2, 3, '2017-03-31');
INSERT INTO SHOWING(IDSHOWING, AVAILABLESEATS, SHOWINGTYPE, STARTTIME, MOVIE_IDMOVIE, SCREEN_IDSCREEN, SHOWINGDATE) VALUES (197, '76', '3D', '3pm', 2, 3, '2017-03-31');
INSERT INTO SHOWING(IDSHOWING, AVAILABLESEATS, SHOWINGTYPE, STARTTIME, MOVIE_IDMOVIE, SCREEN_IDSCREEN, SHOWINGDATE) VALUES (198, '4', '2D', '8pm', 2, 3, '2017-03-31');
INSERT INTO SHOWING(IDSHOWING, AVAILABLESEATS, SHOWINGTYPE, STARTTIME, MOVIE_IDMOVIE, SCREEN_IDSCREEN, SHOWINGDATE) VALUES (199, '71', '2D', '11am', 3, 3, '2017-03-31');
INSERT INTO SHOWING(IDSHOWING, AVAILABLESEATS, SHOWINGTYPE, STARTTIME, MOVIE_IDMOVIE, SCREEN_IDSCREEN, SHOWINGDATE) VALUES (200, '69', '2D', '1pm', 3, 3, '2017-03-31');
INSERT INTO SHOWING(IDSHOWING, AVAILABLESEATS, SHOWINGTYPE, STARTTIME, MOVIE_IDMOVIE, SCREEN_IDSCREEN, SHOWINGDATE) VALUES (201, '50', '2D', '5pm', 3, 3, '2017-03-31');
INSERT INTO SHOWING(IDSHOWING, AVAILABLESEATS, SHOWINGTYPE, STARTTIME, MOVIE_IDMOVIE, SCREEN_IDSCREEN, SHOWINGDATE) VALUES (202, '90', '3D', '9am', 4, 3, '2017-03-31');
INSERT INTO SHOWING(IDSHOWING, AVAILABLESEATS, SHOWINGTYPE, STARTTIME, MOVIE_IDMOVIE, SCREEN_IDSCREEN, SHOWINGDATE) VALUES (203, '61', '2D', '3pm', 4, 3, '2017-03-31');
INSERT INTO SHOWING(IDSHOWING, AVAILABLESEATS, SHOWINGTYPE, STARTTIME, MOVIE_IDMOVIE, SCREEN_IDSCREEN, SHOWINGDATE) VALUES (204, '72', '2D', '8pm', 4, 3, '2017-03-31');
INSERT INTO SHOWING(IDSHOWING, AVAILABLESEATS, SHOWINGTYPE, STARTTIME, MOVIE_IDMOVIE, SCREEN_IDSCREEN, SHOWINGDATE) VALUES (205, '100', '2D', '11am', 5, 3, '2017-03-31');
INSERT INTO SHOWING(IDSHOWING, AVAILABLESEATS, SHOWINGTYPE, STARTTIME, MOVIE_IDMOVIE, SCREEN_IDSCREEN, SHOWINGDATE) VALUES (206, '78', '2D', '1pm', 5, 3, '2017-03-31');
INSERT INTO SHOWING(IDSHOWING, AVAILABLESEATS, SHOWINGTYPE, STARTTIME, MOVIE_IDMOVIE, SCREEN_IDSCREEN, SHOWINGDATE) VALUES (207, '88', '2D', '5pm', 5, 3, '2017-03-31');
INSERT INTO SHOWING(IDSHOWING, AVAILABLESEATS, SHOWINGTYPE, STARTTIME, MOVIE_IDMOVIE, SCREEN_IDSCREEN, SHOWINGDATE) VALUES (208, '2', '3D', '9am', 6, 3, '2017-03-31');
INSERT INTO SHOWING(IDSHOWING, AVAILABLESEATS, SHOWINGTYPE, STARTTIME, MOVIE_IDMOVIE, SCREEN_IDSCREEN, SHOWINGDATE) VALUES (209, '57', '2D', '3pm', 6, 3, '2017-03-31');
INSERT INTO SHOWING(IDSHOWING, AVAILABLESEATS, SHOWINGTYPE, STARTTIME, MOVIE_IDMOVIE, SCREEN_IDSCREEN, SHOWINGDATE) VALUES (210, '83', '3D', '8pm', 6, 3, '2017-03-31');
INSERT INTO SHOWING(IDSHOWING, AVAILABLESEATS, SHOWINGTYPE, STARTTIME, MOVIE_IDMOVIE, SCREEN_IDSCREEN, SHOWINGDATE) VALUES (211, '48', '3D', '9am', 8, 3, '2017-03-31');
INSERT INTO SHOWING(IDSHOWING, AVAILABLESEATS, SHOWINGTYPE, STARTTIME, MOVIE_IDMOVIE, SCREEN_IDSCREEN, SHOWINGDATE) VALUES (212, '33', '2D', '3pm', 8, 3, '2017-03-31');
INSERT INTO SHOWING(IDSHOWING, AVAILABLESEATS, SHOWINGTYPE, STARTTIME, MOVIE_IDMOVIE, SCREEN_IDSCREEN, SHOWINGDATE) VALUES (213, '12', '2D', '8pm', 8, 3, '2017-03-31');
INSERT INTO SHOWING(IDSHOWING, AVAILABLESEATS, SHOWINGTYPE, STARTTIME, MOVIE_IDMOVIE, SCREEN_IDSCREEN, SHOWINGDATE) VALUES (214, '66', '3D', '11am', 9, 3, '2017-03-31');
INSERT INTO SHOWING(IDSHOWING, AVAILABLESEATS, SHOWINGTYPE, STARTTIME, MOVIE_IDMOVIE, SCREEN_IDSCREEN, SHOWINGDATE) VALUES (215, '56', '2D', '1pm', 9, 3, '2017-03-31');
INSERT INTO SHOWING(IDSHOWING, AVAILABLESEATS, SHOWINGTYPE, STARTTIME, MOVIE_IDMOVIE, SCREEN_IDSCREEN, SHOWINGDATE) VALUES (216, '94', '3D', '5pm', 9, 3, '2017-03-31');
INSERT INTO SHOWING(IDSHOWING, AVAILABLESEATS, SHOWINGTYPE, STARTTIME, MOVIE_IDMOVIE, SCREEN_IDSCREEN, SHOWINGDATE) VALUES (217, '53', '2D', '11am', 1, 1, '2017-03-23');
INSERT INTO SHOWING(IDSHOWING, AVAILABLESEATS, SHOWINGTYPE, STARTTIME, MOVIE_IDMOVIE, SCREEN_IDSCREEN, SHOWINGDATE) VALUES (218, '0', '2D', '1pm', 1, 1, '2017-03-23');
INSERT INTO SHOWING(IDSHOWING, AVAILABLESEATS, SHOWINGTYPE, STARTTIME, MOVIE_IDMOVIE, SCREEN_IDSCREEN, SHOWINGDATE) VALUES (219, '95', '3D', '5pm', 1, 1, '2017-03-23');
INSERT INTO SHOWING(IDSHOWING, AVAILABLESEATS, SHOWINGTYPE, STARTTIME, MOVIE_IDMOVIE, SCREEN_IDSCREEN, SHOWINGDATE) VALUES (220, '7', '3D', '9am', 2, 1, '2017-03-23');
INSERT INTO SHOWING(IDSHOWING, AVAILABLESEATS, SHOWINGTYPE, STARTTIME, MOVIE_IDMOVIE, SCREEN_IDSCREEN, SHOWINGDATE) VALUES (221, '15', '2D', '3pm', 2, 1, '2017-03-23');
INSERT INTO SHOWING(IDSHOWING, AVAILABLESEATS, SHOWINGTYPE, STARTTIME, MOVIE_IDMOVIE, SCREEN_IDSCREEN, SHOWINGDATE) VALUES (222, '86', '3D', '8pm', 2, 1, '2017-03-23');
INSERT INTO SHOWING(IDSHOWING, AVAILABLESEATS, SHOWINGTYPE, STARTTIME, MOVIE_IDMOVIE, SCREEN_IDSCREEN, SHOWINGDATE) VALUES (223, '0', '2D', '11am', 3, 1, '2017-03-23');
INSERT INTO SHOWING(IDSHOWING, AVAILABLESEATS, SHOWINGTYPE, STARTTIME, MOVIE_IDMOVIE, SCREEN_IDSCREEN, SHOWINGDATE) VALUES (224, '7', '3D', '1pm', 3, 1, '2017-03-23');
INSERT INTO SHOWING(IDSHOWING, AVAILABLESEATS, SHOWINGTYPE, STARTTIME, MOVIE_IDMOVIE, SCREEN_IDSCREEN, SHOWINGDATE) VALUES (225, '75', '3D', '5pm', 3, 1, '2017-03-23');
INSERT INTO SHOWING(IDSHOWING, AVAILABLESEATS, SHOWINGTYPE, STARTTIME, MOVIE_IDMOVIE, SCREEN_IDSCREEN, SHOWINGDATE) VALUES (226, '93', '2D', '9am', 4, 1, '2017-03-23');
INSERT INTO SHOWING(IDSHOWING, AVAILABLESEATS, SHOWINGTYPE, STARTTIME, MOVIE_IDMOVIE, SCREEN_IDSCREEN, SHOWINGDATE) VALUES (227, '29', '2D', '3pm', 4, 1, '2017-03-23');
INSERT INTO SHOWING(IDSHOWING, AVAILABLESEATS, SHOWINGTYPE, STARTTIME, MOVIE_IDMOVIE, SCREEN_IDSCREEN, SHOWINGDATE) VALUES (228, '60', '2D', '8pm', 4, 1, '2017-03-23');
INSERT INTO SHOWING(IDSHOWING, AVAILABLESEATS, SHOWINGTYPE, STARTTIME, MOVIE_IDMOVIE, SCREEN_IDSCREEN, SHOWINGDATE) VALUES (229, '26', 'IMAX', '11am', 5, 1, '2017-03-23');
INSERT INTO SHOWING(IDSHOWING, AVAILABLESEATS, SHOWINGTYPE, STARTTIME, MOVIE_IDMOVIE, SCREEN_IDSCREEN, SHOWINGDATE) VALUES (230, '77', '2D', '1pm', 5, 1, '2017-03-23');
INSERT INTO SHOWING(IDSHOWING, AVAILABLESEATS, SHOWINGTYPE, STARTTIME, MOVIE_IDMOVIE, SCREEN_IDSCREEN, SHOWINGDATE) VALUES (231, '67', 'IMAX', '5pm', 5, 1, '2017-03-23');
INSERT INTO SHOWING(IDSHOWING, AVAILABLESEATS, SHOWINGTYPE, STARTTIME, MOVIE_IDMOVIE, SCREEN_IDSCREEN, SHOWINGDATE) VALUES (232, '87', '2D', '9am', 6, 1, '2017-03-23');
INSERT INTO SHOWING(IDSHOWING, AVAILABLESEATS, SHOWINGTYPE, STARTTIME, MOVIE_IDMOVIE, SCREEN_IDSCREEN, SHOWINGDATE) VALUES (233, '36', '2D', '3pm', 6, 1, '2017-03-23');
INSERT INTO SHOWING(IDSHOWING, AVAILABLESEATS, SHOWINGTYPE, STARTTIME, MOVIE_IDMOVIE, SCREEN_IDSCREEN, SHOWINGDATE) VALUES (234, '78', '2D', '8pm', 6, 1, '2017-03-23');
INSERT INTO SHOWING(IDSHOWING, AVAILABLESEATS, SHOWINGTYPE, STARTTIME, MOVIE_IDMOVIE, SCREEN_IDSCREEN, SHOWINGDATE) VALUES (235, '5', '2D', '9am', 8, 1, '2017-03-23');
INSERT INTO SHOWING(IDSHOWING, AVAILABLESEATS, SHOWINGTYPE, STARTTIME, MOVIE_IDMOVIE, SCREEN_IDSCREEN, SHOWINGDATE) VALUES (236, '75', '3D', '3pm', 8, 1, '2017-03-23');
INSERT INTO SHOWING(IDSHOWING, AVAILABLESEATS, SHOWINGTYPE, STARTTIME, MOVIE_IDMOVIE, SCREEN_IDSCREEN, SHOWINGDATE) VALUES (237, '87', '2D', '8pm', 8, 1, '2017-03-23');
INSERT INTO SHOWING(IDSHOWING, AVAILABLESEATS, SHOWINGTYPE, STARTTIME, MOVIE_IDMOVIE, SCREEN_IDSCREEN, SHOWINGDATE) VALUES (238, '64', '2D', '11am', 9, 1, '2017-03-23');
INSERT INTO SHOWING(IDSHOWING, AVAILABLESEATS, SHOWINGTYPE, STARTTIME, MOVIE_IDMOVIE, SCREEN_IDSCREEN, SHOWINGDATE) VALUES (239, '6', '2D', '1pm', 9, 1, '2017-03-23');
INSERT INTO SHOWING(IDSHOWING, AVAILABLESEATS, SHOWINGTYPE, STARTTIME, MOVIE_IDMOVIE, SCREEN_IDSCREEN, SHOWINGDATE) VALUES (240, '69', '2D', '5pm', 9, 1, '2017-03-23');
INSERT INTO SHOWING(IDSHOWING, AVAILABLESEATS, SHOWINGTYPE, STARTTIME, MOVIE_IDMOVIE, SCREEN_IDSCREEN, SHOWINGDATE) VALUES (241, '28', '2D', '11am', 1, 1, '2017-03-24');
INSERT INTO SHOWING(IDSHOWING, AVAILABLESEATS, SHOWINGTYPE, STARTTIME, MOVIE_IDMOVIE, SCREEN_IDSCREEN, SHOWINGDATE) VALUES (242, '52', '3D', '1pm', 1, 1, '2017-03-24');
INSERT INTO SHOWING(IDSHOWING, AVAILABLESEATS, SHOWINGTYPE, STARTTIME, MOVIE_IDMOVIE, SCREEN_IDSCREEN, SHOWINGDATE) VALUES (243, '31', '3D', '5pm', 1, 1, '2017-03-24');
INSERT INTO SHOWING(IDSHOWING, AVAILABLESEATS, SHOWINGTYPE, STARTTIME, MOVIE_IDMOVIE, SCREEN_IDSCREEN, SHOWINGDATE) VALUES (244, '62', '2D', '9am', 2, 1, '2017-03-24');
INSERT INTO SHOWING(IDSHOWING, AVAILABLESEATS, SHOWINGTYPE, STARTTIME, MOVIE_IDMOVIE, SCREEN_IDSCREEN, SHOWINGDATE) VALUES (245, '97', '3D', '3pm', 2, 1, '2017-03-24');
INSERT INTO SHOWING(IDSHOWING, AVAILABLESEATS, SHOWINGTYPE, STARTTIME, MOVIE_IDMOVIE, SCREEN_IDSCREEN, SHOWINGDATE) VALUES (246, '48', '3D', '8pm', 2, 1, '2017-03-24');
INSERT INTO SHOWING(IDSHOWING, AVAILABLESEATS, SHOWINGTYPE, STARTTIME, MOVIE_IDMOVIE, SCREEN_IDSCREEN, SHOWINGDATE) VALUES (247, '4', '2D', '11am', 3, 1, '2017-03-24');
INSERT INTO SHOWING(IDSHOWING, AVAILABLESEATS, SHOWINGTYPE, STARTTIME, MOVIE_IDMOVIE, SCREEN_IDSCREEN, SHOWINGDATE) VALUES (248, '3', '2D', '1pm', 3, 1, '2017-03-24');
INSERT INTO SHOWING(IDSHOWING, AVAILABLESEATS, SHOWINGTYPE, STARTTIME, MOVIE_IDMOVIE, SCREEN_IDSCREEN, SHOWINGDATE) VALUES (249, '78', '2D', '5pm', 3, 1, '2017-03-24');
INSERT INTO SHOWING(IDSHOWING, AVAILABLESEATS, SHOWINGTYPE, STARTTIME, MOVIE_IDMOVIE, SCREEN_IDSCREEN, SHOWINGDATE) VALUES (250, '22', '2D', '9am', 4, 1, '2017-03-24');
INSERT INTO SHOWING(IDSHOWING, AVAILABLESEATS, SHOWINGTYPE, STARTTIME, MOVIE_IDMOVIE, SCREEN_IDSCREEN, SHOWINGDATE) VALUES (251, '60', '2D', '3pm', 4, 1, '2017-03-24');
INSERT INTO SHOWING(IDSHOWING, AVAILABLESEATS, SHOWINGTYPE, STARTTIME, MOVIE_IDMOVIE, SCREEN_IDSCREEN, SHOWINGDATE) VALUES (252, '82', '2D', '8pm', 4, 1, '2017-03-24');
INSERT INTO SHOWING(IDSHOWING, AVAILABLESEATS, SHOWINGTYPE, STARTTIME, MOVIE_IDMOVIE, SCREEN_IDSCREEN, SHOWINGDATE) VALUES (253, '29', '2D', '11am', 5, 1, '2017-03-24');
INSERT INTO SHOWING(IDSHOWING, AVAILABLESEATS, SHOWINGTYPE, STARTTIME, MOVIE_IDMOVIE, SCREEN_IDSCREEN, SHOWINGDATE) VALUES (254, '45', '2D', '1pm', 5, 1, '2017-03-24');
INSERT INTO SHOWING(IDSHOWING, AVAILABLESEATS, SHOWINGTYPE, STARTTIME, MOVIE_IDMOVIE, SCREEN_IDSCREEN, SHOWINGDATE) VALUES (255, '97', '2D', '5pm', 5, 1, '2017-03-24');
INSERT INTO SHOWING(IDSHOWING, AVAILABLESEATS, SHOWINGTYPE, STARTTIME, MOVIE_IDMOVIE, SCREEN_IDSCREEN, SHOWINGDATE) VALUES (256, '87', '3D', '9am', 6, 1, '2017-03-24');
INSERT INTO SHOWING(IDSHOWING, AVAILABLESEATS, SHOWINGTYPE, STARTTIME, MOVIE_IDMOVIE, SCREEN_IDSCREEN, SHOWINGDATE) VALUES (257, '75', '2D', '3pm', 6, 1, '2017-03-24');
INSERT INTO SHOWING(IDSHOWING, AVAILABLESEATS, SHOWINGTYPE, STARTTIME, MOVIE_IDMOVIE, SCREEN_IDSCREEN, SHOWINGDATE) VALUES (258, '52', '2D', '8pm', 6, 1, '2017-03-24');
INSERT INTO SHOWING(IDSHOWING, AVAILABLESEATS, SHOWINGTYPE, STARTTIME, MOVIE_IDMOVIE, SCREEN_IDSCREEN, SHOWINGDATE) VALUES (259, '57', '2D', '9am', 8, 1, '2017-03-24');
INSERT INTO SHOWING(IDSHOWING, AVAILABLESEATS, SHOWINGTYPE, STARTTIME, MOVIE_IDMOVIE, SCREEN_IDSCREEN, SHOWINGDATE) VALUES (260, '24', '2D', '3pm', 8, 1, '2017-03-24');
INSERT INTO SHOWING(IDSHOWING, AVAILABLESEATS, SHOWINGTYPE, STARTTIME, MOVIE_IDMOVIE, SCREEN_IDSCREEN, SHOWINGDATE) VALUES (261, '74', '2D', '8pm', 8, 1, '2017-03-24');
INSERT INTO SHOWING(IDSHOWING, AVAILABLESEATS, SHOWINGTYPE, STARTTIME, MOVIE_IDMOVIE, SCREEN_IDSCREEN, SHOWINGDATE) VALUES (262, '90', '2D', '11am', 9, 1, '2017-03-24');
INSERT INTO SHOWING(IDSHOWING, AVAILABLESEATS, SHOWINGTYPE, STARTTIME, MOVIE_IDMOVIE, SCREEN_IDSCREEN, SHOWINGDATE) VALUES (263, '51', '2D', '1pm', 9, 1, '2017-03-24');
INSERT INTO SHOWING(IDSHOWING, AVAILABLESEATS, SHOWINGTYPE, STARTTIME, MOVIE_IDMOVIE, SCREEN_IDSCREEN, SHOWINGDATE) VALUES (264, '32', '2D', '5pm', 9, 1, '2017-03-24');
INSERT INTO SHOWING(IDSHOWING, AVAILABLESEATS, SHOWINGTYPE, STARTTIME, MOVIE_IDMOVIE, SCREEN_IDSCREEN, SHOWINGDATE) VALUES (265, '72', '2D', '11am', 1, 1, '2017-03-25');
INSERT INTO SHOWING(IDSHOWING, AVAILABLESEATS, SHOWINGTYPE, STARTTIME, MOVIE_IDMOVIE, SCREEN_IDSCREEN, SHOWINGDATE) VALUES (266, '4', '2D', '1pm', 1, 1, '2017-03-25');
INSERT INTO SHOWING(IDSHOWING, AVAILABLESEATS, SHOWINGTYPE, STARTTIME, MOVIE_IDMOVIE, SCREEN_IDSCREEN, SHOWINGDATE) VALUES (267, '24', '2D', '5pm', 1, 1, '2017-03-25');
INSERT INTO SHOWING(IDSHOWING, AVAILABLESEATS, SHOWINGTYPE, STARTTIME, MOVIE_IDMOVIE, SCREEN_IDSCREEN, SHOWINGDATE) VALUES (268, '4', '2D', '9am', 2, 1, '2017-03-25');
INSERT INTO SHOWING(IDSHOWING, AVAILABLESEATS, SHOWINGTYPE, STARTTIME, MOVIE_IDMOVIE, SCREEN_IDSCREEN, SHOWINGDATE) VALUES (269, '51', '3D', '3pm', 2, 1, '2017-03-25');
INSERT INTO SHOWING(IDSHOWING, AVAILABLESEATS, SHOWINGTYPE, STARTTIME, MOVIE_IDMOVIE, SCREEN_IDSCREEN, SHOWINGDATE) VALUES (270, '79', '2D', '8pm', 2, 1, '2017-03-25');
INSERT INTO SHOWING(IDSHOWING, AVAILABLESEATS, SHOWINGTYPE, STARTTIME, MOVIE_IDMOVIE, SCREEN_IDSCREEN, SHOWINGDATE) VALUES (271, '31', '2D', '11am', 3, 1, '2017-03-25');
INSERT INTO SHOWING(IDSHOWING, AVAILABLESEATS, SHOWINGTYPE, STARTTIME, MOVIE_IDMOVIE, SCREEN_IDSCREEN, SHOWINGDATE) VALUES (272, '61', '2D', '1pm', 3, 1, '2017-03-25');
INSERT INTO SHOWING(IDSHOWING, AVAILABLESEATS, SHOWINGTYPE, STARTTIME, MOVIE_IDMOVIE, SCREEN_IDSCREEN, SHOWINGDATE) VALUES (273, '98', 'IMAX', '5pm', 3, 1, '2017-03-25');
INSERT INTO SHOWING(IDSHOWING, AVAILABLESEATS, SHOWINGTYPE, STARTTIME, MOVIE_IDMOVIE, SCREEN_IDSCREEN, SHOWINGDATE) VALUES (274, '25', '3D', '9am', 4, 1, '2017-03-25');
INSERT INTO SHOWING(IDSHOWING, AVAILABLESEATS, SHOWINGTYPE, STARTTIME, MOVIE_IDMOVIE, SCREEN_IDSCREEN, SHOWINGDATE) VALUES (275, '28', '3D', '3pm', 4, 1, '2017-03-25');
INSERT INTO SHOWING(IDSHOWING, AVAILABLESEATS, SHOWINGTYPE, STARTTIME, MOVIE_IDMOVIE, SCREEN_IDSCREEN, SHOWINGDATE) VALUES (276, '40', '2D', '8pm', 4, 1, '2017-03-25');
INSERT INTO SHOWING(IDSHOWING, AVAILABLESEATS, SHOWINGTYPE, STARTTIME, MOVIE_IDMOVIE, SCREEN_IDSCREEN, SHOWINGDATE) VALUES (277, '92', '3D', '11am', 5, 1, '2017-03-25');
INSERT INTO SHOWING(IDSHOWING, AVAILABLESEATS, SHOWINGTYPE, STARTTIME, MOVIE_IDMOVIE, SCREEN_IDSCREEN, SHOWINGDATE) VALUES (278, '11', '2D', '1pm', 5, 1, '2017-03-25');
INSERT INTO SHOWING(IDSHOWING, AVAILABLESEATS, SHOWINGTYPE, STARTTIME, MOVIE_IDMOVIE, SCREEN_IDSCREEN, SHOWINGDATE) VALUES (279, '53', '2D', '5pm', 5, 1, '2017-03-25');
INSERT INTO SHOWING(IDSHOWING, AVAILABLESEATS, SHOWINGTYPE, STARTTIME, MOVIE_IDMOVIE, SCREEN_IDSCREEN, SHOWINGDATE) VALUES (280, '79', '2D', '9am', 6, 1, '2017-03-25');
INSERT INTO SHOWING(IDSHOWING, AVAILABLESEATS, SHOWINGTYPE, STARTTIME, MOVIE_IDMOVIE, SCREEN_IDSCREEN, SHOWINGDATE) VALUES (281, '65', '3D', '3pm', 6, 1, '2017-03-25');
INSERT INTO SHOWING(IDSHOWING, AVAILABLESEATS, SHOWINGTYPE, STARTTIME, MOVIE_IDMOVIE, SCREEN_IDSCREEN, SHOWINGDATE) VALUES (282, '33', '2D', '8pm', 6, 1, '2017-03-25');
INSERT INTO SHOWING(IDSHOWING, AVAILABLESEATS, SHOWINGTYPE, STARTTIME, MOVIE_IDMOVIE, SCREEN_IDSCREEN, SHOWINGDATE) VALUES (283, '28', '2D', '9am', 8, 1, '2017-03-25');
INSERT INTO SHOWING(IDSHOWING, AVAILABLESEATS, SHOWINGTYPE, STARTTIME, MOVIE_IDMOVIE, SCREEN_IDSCREEN, SHOWINGDATE) VALUES (284, '70', '2D', '3pm', 8, 1, '2017-03-25');
INSERT INTO SHOWING(IDSHOWING, AVAILABLESEATS, SHOWINGTYPE, STARTTIME, MOVIE_IDMOVIE, SCREEN_IDSCREEN, SHOWINGDATE) VALUES (285, '54', '3D', '8pm', 8, 1, '2017-03-25');
INSERT INTO SHOWING(IDSHOWING, AVAILABLESEATS, SHOWINGTYPE, STARTTIME, MOVIE_IDMOVIE, SCREEN_IDSCREEN, SHOWINGDATE) VALUES (286, '1', '2D', '11am', 9, 1, '2017-03-25');
INSERT INTO SHOWING(IDSHOWING, AVAILABLESEATS, SHOWINGTYPE, STARTTIME, MOVIE_IDMOVIE, SCREEN_IDSCREEN, SHOWINGDATE) VALUES (287, '90', '3D', '1pm', 9, 1, '2017-03-25');
INSERT INTO SHOWING(IDSHOWING, AVAILABLESEATS, SHOWINGTYPE, STARTTIME, MOVIE_IDMOVIE, SCREEN_IDSCREEN, SHOWINGDATE) VALUES (288, '13', '2D', '5pm', 9, 1, '2017-03-25');
INSERT INTO SHOWING(IDSHOWING, AVAILABLESEATS, SHOWINGTYPE, STARTTIME, MOVIE_IDMOVIE, SCREEN_IDSCREEN, SHOWINGDATE) VALUES (289, '74', '3D', '11am', 1, 1, '2017-03-26');
INSERT INTO SHOWING(IDSHOWING, AVAILABLESEATS, SHOWINGTYPE, STARTTIME, MOVIE_IDMOVIE, SCREEN_IDSCREEN, SHOWINGDATE) VALUES (290, '8', '2D', '1pm', 1, 1, '2017-03-26');
INSERT INTO SHOWING(IDSHOWING, AVAILABLESEATS, SHOWINGTYPE, STARTTIME, MOVIE_IDMOVIE, SCREEN_IDSCREEN, SHOWINGDATE) VALUES (291, '85', '2D', '5pm', 1, 1, '2017-03-26');
INSERT INTO SHOWING(IDSHOWING, AVAILABLESEATS, SHOWINGTYPE, STARTTIME, MOVIE_IDMOVIE, SCREEN_IDSCREEN, SHOWINGDATE) VALUES (292, '16', '3D', '9am', 2, 1, '2017-03-26');
INSERT INTO SHOWING(IDSHOWING, AVAILABLESEATS, SHOWINGTYPE, STARTTIME, MOVIE_IDMOVIE, SCREEN_IDSCREEN, SHOWINGDATE) VALUES (293, '93', '2D', '3pm', 2, 1, '2017-03-26');
INSERT INTO SHOWING(IDSHOWING, AVAILABLESEATS, SHOWINGTYPE, STARTTIME, MOVIE_IDMOVIE, SCREEN_IDSCREEN, SHOWINGDATE) VALUES (294, '70', '2D', '8pm', 2, 1, '2017-03-26');
INSERT INTO SHOWING(IDSHOWING, AVAILABLESEATS, SHOWINGTYPE, STARTTIME, MOVIE_IDMOVIE, SCREEN_IDSCREEN, SHOWINGDATE) VALUES (295, '76', '2D', '11am', 3, 1, '2017-03-26');
INSERT INTO SHOWING(IDSHOWING, AVAILABLESEATS, SHOWINGTYPE, STARTTIME, MOVIE_IDMOVIE, SCREEN_IDSCREEN, SHOWINGDATE) VALUES (296, '33', '2D', '1pm', 3, 1, '2017-03-26');
INSERT INTO SHOWING(IDSHOWING, AVAILABLESEATS, SHOWINGTYPE, STARTTIME, MOVIE_IDMOVIE, SCREEN_IDSCREEN, SHOWINGDATE) VALUES (297, '39', '2D', '5pm', 3, 1, '2017-03-26');
INSERT INTO SHOWING(IDSHOWING, AVAILABLESEATS, SHOWINGTYPE, STARTTIME, MOVIE_IDMOVIE, SCREEN_IDSCREEN, SHOWINGDATE) VALUES (298, '94', '3D', '9am', 4, 1, '2017-03-26');
INSERT INTO SHOWING(IDSHOWING, AVAILABLESEATS, SHOWINGTYPE, STARTTIME, MOVIE_IDMOVIE, SCREEN_IDSCREEN, SHOWINGDATE) VALUES (299, '31', '2D', '3pm', 4, 1, '2017-03-26');
INSERT INTO SHOWING(IDSHOWING, AVAILABLESEATS, SHOWINGTYPE, STARTTIME, MOVIE_IDMOVIE, SCREEN_IDSCREEN, SHOWINGDATE) VALUES (300, '16', '2D', '8pm', 4, 1, '2017-03-26');
INSERT INTO SHOWING(IDSHOWING, AVAILABLESEATS, SHOWINGTYPE, STARTTIME, MOVIE_IDMOVIE, SCREEN_IDSCREEN, SHOWINGDATE) VALUES (301, '27', '2D', '11am', 5, 1, '2017-03-26');
INSERT INTO SHOWING(IDSHOWING, AVAILABLESEATS, SHOWINGTYPE, STARTTIME, MOVIE_IDMOVIE, SCREEN_IDSCREEN, SHOWINGDATE) VALUES (302, '43', '2D', '1pm', 5, 1, '2017-03-26');
INSERT INTO SHOWING(IDSHOWING, AVAILABLESEATS, SHOWINGTYPE, STARTTIME, MOVIE_IDMOVIE, SCREEN_IDSCREEN, SHOWINGDATE) VALUES (303, '39', 'IMAX', '5pm', 5, 1, '2017-03-26');
INSERT INTO SHOWING(IDSHOWING, AVAILABLESEATS, SHOWINGTYPE, STARTTIME, MOVIE_IDMOVIE, SCREEN_IDSCREEN, SHOWINGDATE) VALUES (304, '77', '3D', '9am', 6, 1, '2017-03-26');
INSERT INTO SHOWING(IDSHOWING, AVAILABLESEATS, SHOWINGTYPE, STARTTIME, MOVIE_IDMOVIE, SCREEN_IDSCREEN, SHOWINGDATE) VALUES (305, '81', '2D', '3pm', 6, 1, '2017-03-26');
INSERT INTO SHOWING(IDSHOWING, AVAILABLESEATS, SHOWINGTYPE, STARTTIME, MOVIE_IDMOVIE, SCREEN_IDSCREEN, SHOWINGDATE) VALUES (306, '56', '2D', '8pm', 6, 1, '2017-03-26');
INSERT INTO SHOWING(IDSHOWING, AVAILABLESEATS, SHOWINGTYPE, STARTTIME, MOVIE_IDMOVIE, SCREEN_IDSCREEN, SHOWINGDATE) VALUES (307, '97', '2D', '9am', 8, 1, '2017-03-26');
INSERT INTO SHOWING(IDSHOWING, AVAILABLESEATS, SHOWINGTYPE, STARTTIME, MOVIE_IDMOVIE, SCREEN_IDSCREEN, SHOWINGDATE) VALUES (308, '69', '2D', '3pm', 8, 1, '2017-03-26');
INSERT INTO SHOWING(IDSHOWING, AVAILABLESEATS, SHOWINGTYPE, STARTTIME, MOVIE_IDMOVIE, SCREEN_IDSCREEN, SHOWINGDATE) VALUES (309, '60', '3D', '8pm', 8, 1, '2017-03-26');
INSERT INTO SHOWING(IDSHOWING, AVAILABLESEATS, SHOWINGTYPE, STARTTIME, MOVIE_IDMOVIE, SCREEN_IDSCREEN, SHOWINGDATE) VALUES (310, '16', '2D', '11am', 9, 1, '2017-03-26');
INSERT INTO SHOWING(IDSHOWING, AVAILABLESEATS, SHOWINGTYPE, STARTTIME, MOVIE_IDMOVIE, SCREEN_IDSCREEN, SHOWINGDATE) VALUES (311, '36', '2D', '1pm', 9, 1, '2017-03-26');
INSERT INTO SHOWING(IDSHOWING, AVAILABLESEATS, SHOWINGTYPE, STARTTIME, MOVIE_IDMOVIE, SCREEN_IDSCREEN, SHOWINGDATE) VALUES (312, '58', '2D', '5pm', 9, 1, '2017-03-26');
INSERT INTO SHOWING(IDSHOWING, AVAILABLESEATS, SHOWINGTYPE, STARTTIME, MOVIE_IDMOVIE, SCREEN_IDSCREEN, SHOWINGDATE) VALUES (313, '75', '3D', '11am', 1, 1, '2017-03-27');
INSERT INTO SHOWING(IDSHOWING, AVAILABLESEATS, SHOWINGTYPE, STARTTIME, MOVIE_IDMOVIE, SCREEN_IDSCREEN, SHOWINGDATE) VALUES (314, '70', '2D', '1pm', 1, 1, '2017-03-27');
INSERT INTO SHOWING(IDSHOWING, AVAILABLESEATS, SHOWINGTYPE, STARTTIME, MOVIE_IDMOVIE, SCREEN_IDSCREEN, SHOWINGDATE) VALUES (315, '37', '2D', '5pm', 1, 1, '2017-03-27');
INSERT INTO SHOWING(IDSHOWING, AVAILABLESEATS, SHOWINGTYPE, STARTTIME, MOVIE_IDMOVIE, SCREEN_IDSCREEN, SHOWINGDATE) VALUES (316, '63', '2D', '9am', 2, 1, '2017-03-27');
INSERT INTO SHOWING(IDSHOWING, AVAILABLESEATS, SHOWINGTYPE, STARTTIME, MOVIE_IDMOVIE, SCREEN_IDSCREEN, SHOWINGDATE) VALUES (317, '47', '3D', '3pm', 2, 1, '2017-03-27');
INSERT INTO SHOWING(IDSHOWING, AVAILABLESEATS, SHOWINGTYPE, STARTTIME, MOVIE_IDMOVIE, SCREEN_IDSCREEN, SHOWINGDATE) VALUES (318, '57', '2D', '8pm', 2, 1, '2017-03-27');
INSERT INTO SHOWING(IDSHOWING, AVAILABLESEATS, SHOWINGTYPE, STARTTIME, MOVIE_IDMOVIE, SCREEN_IDSCREEN, SHOWINGDATE) VALUES (319, '80', '2D', '11am', 3, 1, '2017-03-27');
INSERT INTO SHOWING(IDSHOWING, AVAILABLESEATS, SHOWINGTYPE, STARTTIME, MOVIE_IDMOVIE, SCREEN_IDSCREEN, SHOWINGDATE) VALUES (320, '25', '3D', '1pm', 3, 1, '2017-03-27');
INSERT INTO SHOWING(IDSHOWING, AVAILABLESEATS, SHOWINGTYPE, STARTTIME, MOVIE_IDMOVIE, SCREEN_IDSCREEN, SHOWINGDATE) VALUES (321, '43', '3D', '5pm', 3, 1, '2017-03-27');
INSERT INTO SHOWING(IDSHOWING, AVAILABLESEATS, SHOWINGTYPE, STARTTIME, MOVIE_IDMOVIE, SCREEN_IDSCREEN, SHOWINGDATE) VALUES (322, '17', '3D', '9am', 4, 1, '2017-03-27');
INSERT INTO SHOWING(IDSHOWING, AVAILABLESEATS, SHOWINGTYPE, STARTTIME, MOVIE_IDMOVIE, SCREEN_IDSCREEN, SHOWINGDATE) VALUES (323, '10', '2D', '3pm', 4, 1, '2017-03-27');
INSERT INTO SHOWING(IDSHOWING, AVAILABLESEATS, SHOWINGTYPE, STARTTIME, MOVIE_IDMOVIE, SCREEN_IDSCREEN, SHOWINGDATE) VALUES (324, '5', '2D', '8pm', 4, 1, '2017-03-27');
INSERT INTO SHOWING(IDSHOWING, AVAILABLESEATS, SHOWINGTYPE, STARTTIME, MOVIE_IDMOVIE, SCREEN_IDSCREEN, SHOWINGDATE) VALUES (325, '26', '2D', '11am', 5, 1, '2017-03-27');
INSERT INTO SHOWING(IDSHOWING, AVAILABLESEATS, SHOWINGTYPE, STARTTIME, MOVIE_IDMOVIE, SCREEN_IDSCREEN, SHOWINGDATE) VALUES (326, '53', '3D', '1pm', 5, 1, '2017-03-27');
INSERT INTO SHOWING(IDSHOWING, AVAILABLESEATS, SHOWINGTYPE, STARTTIME, MOVIE_IDMOVIE, SCREEN_IDSCREEN, SHOWINGDATE) VALUES (327, '94', '3D', '5pm', 5, 1, '2017-03-27');
INSERT INTO SHOWING(IDSHOWING, AVAILABLESEATS, SHOWINGTYPE, STARTTIME, MOVIE_IDMOVIE, SCREEN_IDSCREEN, SHOWINGDATE) VALUES (328, '1', '3D', '9am', 6, 1, '2017-03-27');
INSERT INTO SHOWING(IDSHOWING, AVAILABLESEATS, SHOWINGTYPE, STARTTIME, MOVIE_IDMOVIE, SCREEN_IDSCREEN, SHOWINGDATE) VALUES (329, '29', '2D', '3pm', 6, 1, '2017-03-27');
INSERT INTO SHOWING(IDSHOWING, AVAILABLESEATS, SHOWINGTYPE, STARTTIME, MOVIE_IDMOVIE, SCREEN_IDSCREEN, SHOWINGDATE) VALUES (330, '18', '2D', '8pm', 6, 1, '2017-03-27');
INSERT INTO SHOWING(IDSHOWING, AVAILABLESEATS, SHOWINGTYPE, STARTTIME, MOVIE_IDMOVIE, SCREEN_IDSCREEN, SHOWINGDATE) VALUES (331, '95', '3D', '9am', 8, 1, '2017-03-27');
INSERT INTO SHOWING(IDSHOWING, AVAILABLESEATS, SHOWINGTYPE, STARTTIME, MOVIE_IDMOVIE, SCREEN_IDSCREEN, SHOWINGDATE) VALUES (332, '42', '3D', '3pm', 8, 1, '2017-03-27');
INSERT INTO SHOWING(IDSHOWING, AVAILABLESEATS, SHOWINGTYPE, STARTTIME, MOVIE_IDMOVIE, SCREEN_IDSCREEN, SHOWINGDATE) VALUES (333, '39', '3D', '8pm', 8, 1, '2017-03-27');
INSERT INTO SHOWING(IDSHOWING, AVAILABLESEATS, SHOWINGTYPE, STARTTIME, MOVIE_IDMOVIE, SCREEN_IDSCREEN, SHOWINGDATE) VALUES (334, '41', 'IMAX', '11am', 9, 1, '2017-03-27');
INSERT INTO SHOWING(IDSHOWING, AVAILABLESEATS, SHOWINGTYPE, STARTTIME, MOVIE_IDMOVIE, SCREEN_IDSCREEN, SHOWINGDATE) VALUES (335, '14', '2D', '1pm', 9, 1, '2017-03-27');
INSERT INTO SHOWING(IDSHOWING, AVAILABLESEATS, SHOWINGTYPE, STARTTIME, MOVIE_IDMOVIE, SCREEN_IDSCREEN, SHOWINGDATE) VALUES (336, '11', '2D', '5pm', 9, 1, '2017-03-27');
INSERT INTO SHOWING(IDSHOWING, AVAILABLESEATS, SHOWINGTYPE, STARTTIME, MOVIE_IDMOVIE, SCREEN_IDSCREEN, SHOWINGDATE) VALUES (337, '89', 'IMAX', '11am', 1, 1, '2017-03-28');
INSERT INTO SHOWING(IDSHOWING, AVAILABLESEATS, SHOWINGTYPE, STARTTIME, MOVIE_IDMOVIE, SCREEN_IDSCREEN, SHOWINGDATE) VALUES (338, '36', '3D', '1pm', 1, 1, '2017-03-28');
INSERT INTO SHOWING(IDSHOWING, AVAILABLESEATS, SHOWINGTYPE, STARTTIME, MOVIE_IDMOVIE, SCREEN_IDSCREEN, SHOWINGDATE) VALUES (339, '46', '3D', '5pm', 1, 1, '2017-03-28');
INSERT INTO SHOWING(IDSHOWING, AVAILABLESEATS, SHOWINGTYPE, STARTTIME, MOVIE_IDMOVIE, SCREEN_IDSCREEN, SHOWINGDATE) VALUES (340, '49', '2D', '9am', 2, 1, '2017-03-28');
INSERT INTO SHOWING(IDSHOWING, AVAILABLESEATS, SHOWINGTYPE, STARTTIME, MOVIE_IDMOVIE, SCREEN_IDSCREEN, SHOWINGDATE) VALUES (341, '24', '2D', '3pm', 2, 1, '2017-03-28');
INSERT INTO SHOWING(IDSHOWING, AVAILABLESEATS, SHOWINGTYPE, STARTTIME, MOVIE_IDMOVIE, SCREEN_IDSCREEN, SHOWINGDATE) VALUES (342, '55', '2D', '8pm', 2, 1, '2017-03-28');
INSERT INTO SHOWING(IDSHOWING, AVAILABLESEATS, SHOWINGTYPE, STARTTIME, MOVIE_IDMOVIE, SCREEN_IDSCREEN, SHOWINGDATE) VALUES (343, '43', '3D', '11am', 3, 1, '2017-03-28');
INSERT INTO SHOWING(IDSHOWING, AVAILABLESEATS, SHOWINGTYPE, STARTTIME, MOVIE_IDMOVIE, SCREEN_IDSCREEN, SHOWINGDATE) VALUES (344, '94', '2D', '1pm', 3, 1, '2017-03-28');
INSERT INTO SHOWING(IDSHOWING, AVAILABLESEATS, SHOWINGTYPE, STARTTIME, MOVIE_IDMOVIE, SCREEN_IDSCREEN, SHOWINGDATE) VALUES (345, '96', '2D', '5pm', 3, 1, '2017-03-28');
INSERT INTO SHOWING(IDSHOWING, AVAILABLESEATS, SHOWINGTYPE, STARTTIME, MOVIE_IDMOVIE, SCREEN_IDSCREEN, SHOWINGDATE) VALUES (346, '29', '2D', '9am', 4, 1, '2017-03-28');
INSERT INTO SHOWING(IDSHOWING, AVAILABLESEATS, SHOWINGTYPE, STARTTIME, MOVIE_IDMOVIE, SCREEN_IDSCREEN, SHOWINGDATE) VALUES (347, '36', '2D', '3pm', 4, 1, '2017-03-28');
INSERT INTO SHOWING(IDSHOWING, AVAILABLESEATS, SHOWINGTYPE, STARTTIME, MOVIE_IDMOVIE, SCREEN_IDSCREEN, SHOWINGDATE) VALUES (348, '46', '3D', '8pm', 4, 1, '2017-03-28');
INSERT INTO SHOWING(IDSHOWING, AVAILABLESEATS, SHOWINGTYPE, STARTTIME, MOVIE_IDMOVIE, SCREEN_IDSCREEN, SHOWINGDATE) VALUES (349, '48', '3D', '11am', 5, 1, '2017-03-28');
INSERT INTO SHOWING(IDSHOWING, AVAILABLESEATS, SHOWINGTYPE, STARTTIME, MOVIE_IDMOVIE, SCREEN_IDSCREEN, SHOWINGDATE) VALUES (350, '90', 'IMAX', '1pm', 5, 1, '2017-03-28');
INSERT INTO SHOWING(IDSHOWING, AVAILABLESEATS, SHOWINGTYPE, STARTTIME, MOVIE_IDMOVIE, SCREEN_IDSCREEN, SHOWINGDATE) VALUES (351, '2', '2D', '5pm', 5, 1, '2017-03-28');
INSERT INTO SHOWING(IDSHOWING, AVAILABLESEATS, SHOWINGTYPE, STARTTIME, MOVIE_IDMOVIE, SCREEN_IDSCREEN, SHOWINGDATE) VALUES (352, '49', '3D', '9am', 6, 1, '2017-03-28');
INSERT INTO SHOWING(IDSHOWING, AVAILABLESEATS, SHOWINGTYPE, STARTTIME, MOVIE_IDMOVIE, SCREEN_IDSCREEN, SHOWINGDATE) VALUES (353, '41', '2D', '3pm', 6, 1, '2017-03-28');
INSERT INTO SHOWING(IDSHOWING, AVAILABLESEATS, SHOWINGTYPE, STARTTIME, MOVIE_IDMOVIE, SCREEN_IDSCREEN, SHOWINGDATE) VALUES (354, '20', '3D', '8pm', 6, 1, '2017-03-28');
INSERT INTO SHOWING(IDSHOWING, AVAILABLESEATS, SHOWINGTYPE, STARTTIME, MOVIE_IDMOVIE, SCREEN_IDSCREEN, SHOWINGDATE) VALUES (355, '19', '2D', '9am', 8, 1, '2017-03-28');
INSERT INTO SHOWING(IDSHOWING, AVAILABLESEATS, SHOWINGTYPE, STARTTIME, MOVIE_IDMOVIE, SCREEN_IDSCREEN, SHOWINGDATE) VALUES (356, '43', '2D', '3pm', 8, 1, '2017-03-28');
INSERT INTO SHOWING(IDSHOWING, AVAILABLESEATS, SHOWINGTYPE, STARTTIME, MOVIE_IDMOVIE, SCREEN_IDSCREEN, SHOWINGDATE) VALUES (357, '15', '3D', '8pm', 8, 1, '2017-03-28');
INSERT INTO SHOWING(IDSHOWING, AVAILABLESEATS, SHOWINGTYPE, STARTTIME, MOVIE_IDMOVIE, SCREEN_IDSCREEN, SHOWINGDATE) VALUES (358, '81', '2D', '11am', 9, 1, '2017-03-28');
INSERT INTO SHOWING(IDSHOWING, AVAILABLESEATS, SHOWINGTYPE, STARTTIME, MOVIE_IDMOVIE, SCREEN_IDSCREEN, SHOWINGDATE) VALUES (359, '64', '3D', '1pm', 9, 1, '2017-03-28');
INSERT INTO SHOWING(IDSHOWING, AVAILABLESEATS, SHOWINGTYPE, STARTTIME, MOVIE_IDMOVIE, SCREEN_IDSCREEN, SHOWINGDATE) VALUES (360, '61', '2D', '5pm', 9, 1, '2017-03-28');
INSERT INTO SHOWING(IDSHOWING, AVAILABLESEATS, SHOWINGTYPE, STARTTIME, MOVIE_IDMOVIE, SCREEN_IDSCREEN, SHOWINGDATE) VALUES (361, '74', '2D', '11am', 1, 1, '2017-03-29');
INSERT INTO SHOWING(IDSHOWING, AVAILABLESEATS, SHOWINGTYPE, STARTTIME, MOVIE_IDMOVIE, SCREEN_IDSCREEN, SHOWINGDATE) VALUES (362, '37', '2D', '1pm', 1, 1, '2017-03-29');
INSERT INTO SHOWING(IDSHOWING, AVAILABLESEATS, SHOWINGTYPE, STARTTIME, MOVIE_IDMOVIE, SCREEN_IDSCREEN, SHOWINGDATE) VALUES (363, '17', '2D', '5pm', 1, 1, '2017-03-29');
INSERT INTO SHOWING(IDSHOWING, AVAILABLESEATS, SHOWINGTYPE, STARTTIME, MOVIE_IDMOVIE, SCREEN_IDSCREEN, SHOWINGDATE) VALUES (364, '35', '2D', '9am', 2, 1, '2017-03-29');
INSERT INTO SHOWING(IDSHOWING, AVAILABLESEATS, SHOWINGTYPE, STARTTIME, MOVIE_IDMOVIE, SCREEN_IDSCREEN, SHOWINGDATE) VALUES (365, '68', '2D', '3pm', 2, 1, '2017-03-29');
INSERT INTO SHOWING(IDSHOWING, AVAILABLESEATS, SHOWINGTYPE, STARTTIME, MOVIE_IDMOVIE, SCREEN_IDSCREEN, SHOWINGDATE) VALUES (366, '17', '3D', '8pm', 2, 1, '2017-03-29');
INSERT INTO SHOWING(IDSHOWING, AVAILABLESEATS, SHOWINGTYPE, STARTTIME, MOVIE_IDMOVIE, SCREEN_IDSCREEN, SHOWINGDATE) VALUES (367, '40', '3D', '11am', 3, 1, '2017-03-29');
INSERT INTO SHOWING(IDSHOWING, AVAILABLESEATS, SHOWINGTYPE, STARTTIME, MOVIE_IDMOVIE, SCREEN_IDSCREEN, SHOWINGDATE) VALUES (368, '3', '3D', '1pm', 3, 1, '2017-03-29');
INSERT INTO SHOWING(IDSHOWING, AVAILABLESEATS, SHOWINGTYPE, STARTTIME, MOVIE_IDMOVIE, SCREEN_IDSCREEN, SHOWINGDATE) VALUES (369, '12', '3D', '5pm', 3, 1, '2017-03-29');
INSERT INTO SHOWING(IDSHOWING, AVAILABLESEATS, SHOWINGTYPE, STARTTIME, MOVIE_IDMOVIE, SCREEN_IDSCREEN, SHOWINGDATE) VALUES (370, '24', '2D', '9am', 4, 1, '2017-03-29');
INSERT INTO SHOWING(IDSHOWING, AVAILABLESEATS, SHOWINGTYPE, STARTTIME, MOVIE_IDMOVIE, SCREEN_IDSCREEN, SHOWINGDATE) VALUES (371, '27', '3D', '3pm', 4, 1, '2017-03-29');
INSERT INTO SHOWING(IDSHOWING, AVAILABLESEATS, SHOWINGTYPE, STARTTIME, MOVIE_IDMOVIE, SCREEN_IDSCREEN, SHOWINGDATE) VALUES (372, '0', '2D', '8pm', 4, 1, '2017-03-29');
INSERT INTO SHOWING(IDSHOWING, AVAILABLESEATS, SHOWINGTYPE, STARTTIME, MOVIE_IDMOVIE, SCREEN_IDSCREEN, SHOWINGDATE) VALUES (373, '59', 'IMAX', '11am', 5, 1, '2017-03-29');
INSERT INTO SHOWING(IDSHOWING, AVAILABLESEATS, SHOWINGTYPE, STARTTIME, MOVIE_IDMOVIE, SCREEN_IDSCREEN, SHOWINGDATE) VALUES (374, '59', '2D', '1pm', 5, 1, '2017-03-29');
INSERT INTO SHOWING(IDSHOWING, AVAILABLESEATS, SHOWINGTYPE, STARTTIME, MOVIE_IDMOVIE, SCREEN_IDSCREEN, SHOWINGDATE) VALUES (375, '66', '2D', '5pm', 5, 1, '2017-03-29');
INSERT INTO SHOWING(IDSHOWING, AVAILABLESEATS, SHOWINGTYPE, STARTTIME, MOVIE_IDMOVIE, SCREEN_IDSCREEN, SHOWINGDATE) VALUES (376, '16', '2D', '9am', 6, 1, '2017-03-29');
INSERT INTO SHOWING(IDSHOWING, AVAILABLESEATS, SHOWINGTYPE, STARTTIME, MOVIE_IDMOVIE, SCREEN_IDSCREEN, SHOWINGDATE) VALUES (377, '23', '2D', '3pm', 6, 1, '2017-03-29');
INSERT INTO SHOWING(IDSHOWING, AVAILABLESEATS, SHOWINGTYPE, STARTTIME, MOVIE_IDMOVIE, SCREEN_IDSCREEN, SHOWINGDATE) VALUES (378, '25', '2D', '8pm', 6, 1, '2017-03-29');
INSERT INTO SHOWING(IDSHOWING, AVAILABLESEATS, SHOWINGTYPE, STARTTIME, MOVIE_IDMOVIE, SCREEN_IDSCREEN, SHOWINGDATE) VALUES (379, '87', '2D', '9am', 8, 1, '2017-03-29');
INSERT INTO SHOWING(IDSHOWING, AVAILABLESEATS, SHOWINGTYPE, STARTTIME, MOVIE_IDMOVIE, SCREEN_IDSCREEN, SHOWINGDATE) VALUES (380, '63', '3D', '3pm', 8, 1, '2017-03-29');
INSERT INTO SHOWING(IDSHOWING, AVAILABLESEATS, SHOWINGTYPE, STARTTIME, MOVIE_IDMOVIE, SCREEN_IDSCREEN, SHOWINGDATE) VALUES (381, '82', '3D', '8pm', 8, 1, '2017-03-29');
INSERT INTO SHOWING(IDSHOWING, AVAILABLESEATS, SHOWINGTYPE, STARTTIME, MOVIE_IDMOVIE, SCREEN_IDSCREEN, SHOWINGDATE) VALUES (382, '25', 'IMAX', '11am', 9, 1, '2017-03-29');
INSERT INTO SHOWING(IDSHOWING, AVAILABLESEATS, SHOWINGTYPE, STARTTIME, MOVIE_IDMOVIE, SCREEN_IDSCREEN, SHOWINGDATE) VALUES (383, '12', 'IMAX', '1pm', 9, 1, '2017-03-29');
INSERT INTO SHOWING(IDSHOWING, AVAILABLESEATS, SHOWINGTYPE, STARTTIME, MOVIE_IDMOVIE, SCREEN_IDSCREEN, SHOWINGDATE) VALUES (384, '20', '2D', '5pm', 9, 1, '2017-03-29');
INSERT INTO SHOWING(IDSHOWING, AVAILABLESEATS, SHOWINGTYPE, STARTTIME, MOVIE_IDMOVIE, SCREEN_IDSCREEN, SHOWINGDATE) VALUES (385, '49', '2D', '11am', 1, 1, '2017-03-30');
INSERT INTO SHOWING(IDSHOWING, AVAILABLESEATS, SHOWINGTYPE, STARTTIME, MOVIE_IDMOVIE, SCREEN_IDSCREEN, SHOWINGDATE) VALUES (386, '8', '3D', '1pm', 1, 1, '2017-03-30');
INSERT INTO SHOWING(IDSHOWING, AVAILABLESEATS, SHOWINGTYPE, STARTTIME, MOVIE_IDMOVIE, SCREEN_IDSCREEN, SHOWINGDATE) VALUES (387, '48', '2D', '5pm', 1, 1, '2017-03-30');
INSERT INTO SHOWING(IDSHOWING, AVAILABLESEATS, SHOWINGTYPE, STARTTIME, MOVIE_IDMOVIE, SCREEN_IDSCREEN, SHOWINGDATE) VALUES (388, '38', '2D', '9am', 2, 1, '2017-03-30');
INSERT INTO SHOWING(IDSHOWING, AVAILABLESEATS, SHOWINGTYPE, STARTTIME, MOVIE_IDMOVIE, SCREEN_IDSCREEN, SHOWINGDATE) VALUES (389, '61', '2D', '3pm', 2, 1, '2017-03-30');
INSERT INTO SHOWING(IDSHOWING, AVAILABLESEATS, SHOWINGTYPE, STARTTIME, MOVIE_IDMOVIE, SCREEN_IDSCREEN, SHOWINGDATE) VALUES (390, '67', '2D', '8pm', 2, 1, '2017-03-30');
INSERT INTO SHOWING(IDSHOWING, AVAILABLESEATS, SHOWINGTYPE, STARTTIME, MOVIE_IDMOVIE, SCREEN_IDSCREEN, SHOWINGDATE) VALUES (391, '97', '2D', '11am', 3, 1, '2017-03-30');
INSERT INTO SHOWING(IDSHOWING, AVAILABLESEATS, SHOWINGTYPE, STARTTIME, MOVIE_IDMOVIE, SCREEN_IDSCREEN, SHOWINGDATE) VALUES (392, '82', '2D', '1pm', 3, 1, '2017-03-30');
INSERT INTO SHOWING(IDSHOWING, AVAILABLESEATS, SHOWINGTYPE, STARTTIME, MOVIE_IDMOVIE, SCREEN_IDSCREEN, SHOWINGDATE) VALUES (393, '33', '3D', '5pm', 3, 1, '2017-03-30');
INSERT INTO SHOWING(IDSHOWING, AVAILABLESEATS, SHOWINGTYPE, STARTTIME, MOVIE_IDMOVIE, SCREEN_IDSCREEN, SHOWINGDATE) VALUES (394, '67', '2D', '9am', 4, 1, '2017-03-30');
INSERT INTO SHOWING(IDSHOWING, AVAILABLESEATS, SHOWINGTYPE, STARTTIME, MOVIE_IDMOVIE, SCREEN_IDSCREEN, SHOWINGDATE) VALUES (395, '53', '2D', '3pm', 4, 1, '2017-03-30');
INSERT INTO SHOWING(IDSHOWING, AVAILABLESEATS, SHOWINGTYPE, STARTTIME, MOVIE_IDMOVIE, SCREEN_IDSCREEN, SHOWINGDATE) VALUES (396, '58', '3D', '8pm', 4, 1, '2017-03-30');
INSERT INTO SHOWING(IDSHOWING, AVAILABLESEATS, SHOWINGTYPE, STARTTIME, MOVIE_IDMOVIE, SCREEN_IDSCREEN, SHOWINGDATE) VALUES (397, '63', '2D', '11am', 5, 1, '2017-03-30');
INSERT INTO SHOWING(IDSHOWING, AVAILABLESEATS, SHOWINGTYPE, STARTTIME, MOVIE_IDMOVIE, SCREEN_IDSCREEN, SHOWINGDATE) VALUES (398, '45', '3D', '1pm', 5, 1, '2017-03-30');
INSERT INTO SHOWING(IDSHOWING, AVAILABLESEATS, SHOWINGTYPE, STARTTIME, MOVIE_IDMOVIE, SCREEN_IDSCREEN, SHOWINGDATE) VALUES (399, '90', '2D', '5pm', 5, 1, '2017-03-30');
INSERT INTO SHOWING(IDSHOWING, AVAILABLESEATS, SHOWINGTYPE, STARTTIME, MOVIE_IDMOVIE, SCREEN_IDSCREEN, SHOWINGDATE) VALUES (400, '72', '2D', '9am', 6, 1, '2017-03-30');
INSERT INTO SHOWING(IDSHOWING, AVAILABLESEATS, SHOWINGTYPE, STARTTIME, MOVIE_IDMOVIE, SCREEN_IDSCREEN, SHOWINGDATE) VALUES (401, '67', '2D', '3pm', 6, 1, '2017-03-30');
INSERT INTO SHOWING(IDSHOWING, AVAILABLESEATS, SHOWINGTYPE, STARTTIME, MOVIE_IDMOVIE, SCREEN_IDSCREEN, SHOWINGDATE) VALUES (402, '14', '2D', '8pm', 6, 1, '2017-03-30');
INSERT INTO SHOWING(IDSHOWING, AVAILABLESEATS, SHOWINGTYPE, STARTTIME, MOVIE_IDMOVIE, SCREEN_IDSCREEN, SHOWINGDATE) VALUES (403, '7', '2D', '9am', 8, 1, '2017-03-30');
INSERT INTO SHOWING(IDSHOWING, AVAILABLESEATS, SHOWINGTYPE, STARTTIME, MOVIE_IDMOVIE, SCREEN_IDSCREEN, SHOWINGDATE) VALUES (404, '49', '2D', '3pm', 8, 1, '2017-03-30');
INSERT INTO SHOWING(IDSHOWING, AVAILABLESEATS, SHOWINGTYPE, STARTTIME, MOVIE_IDMOVIE, SCREEN_IDSCREEN, SHOWINGDATE) VALUES (405, '64', '2D', '8pm', 8, 1, '2017-03-30');
INSERT INTO SHOWING(IDSHOWING, AVAILABLESEATS, SHOWINGTYPE, STARTTIME, MOVIE_IDMOVIE, SCREEN_IDSCREEN, SHOWINGDATE) VALUES (406, '76', '3D', '11am', 9, 1, '2017-03-30');
INSERT INTO SHOWING(IDSHOWING, AVAILABLESEATS, SHOWINGTYPE, STARTTIME, MOVIE_IDMOVIE, SCREEN_IDSCREEN, SHOWINGDATE) VALUES (407, '46', '3D', '1pm', 9, 1, '2017-03-30');
INSERT INTO SHOWING(IDSHOWING, AVAILABLESEATS, SHOWINGTYPE, STARTTIME, MOVIE_IDMOVIE, SCREEN_IDSCREEN, SHOWINGDATE) VALUES (408, '76', '2D', '5pm', 9, 1, '2017-03-30');
INSERT INTO SHOWING(IDSHOWING, AVAILABLESEATS, SHOWINGTYPE, STARTTIME, MOVIE_IDMOVIE, SCREEN_IDSCREEN, SHOWINGDATE) VALUES (409, '64', '3D', '11am', 1, 1, '2017-03-31');
INSERT INTO SHOWING(IDSHOWING, AVAILABLESEATS, SHOWINGTYPE, STARTTIME, MOVIE_IDMOVIE, SCREEN_IDSCREEN, SHOWINGDATE) VALUES (410, '72', '3D', '1pm', 1, 1, '2017-03-31');
INSERT INTO SHOWING(IDSHOWING, AVAILABLESEATS, SHOWINGTYPE, STARTTIME, MOVIE_IDMOVIE, SCREEN_IDSCREEN, SHOWINGDATE) VALUES (411, '92', 'IMAX', '5pm', 1, 1, '2017-03-31');
INSERT INTO SHOWING(IDSHOWING, AVAILABLESEATS, SHOWINGTYPE, STARTTIME, MOVIE_IDMOVIE, SCREEN_IDSCREEN, SHOWINGDATE) VALUES (412, '19', '2D', '9am', 2, 1, '2017-03-31');
INSERT INTO SHOWING(IDSHOWING, AVAILABLESEATS, SHOWINGTYPE, STARTTIME, MOVIE_IDMOVIE, SCREEN_IDSCREEN, SHOWINGDATE) VALUES (413, '87', '2D', '3pm', 2, 1, '2017-03-31');
INSERT INTO SHOWING(IDSHOWING, AVAILABLESEATS, SHOWINGTYPE, STARTTIME, MOVIE_IDMOVIE, SCREEN_IDSCREEN, SHOWINGDATE) VALUES (414, '13', '2D', '8pm', 2, 1, '2017-03-31');
INSERT INTO SHOWING(IDSHOWING, AVAILABLESEATS, SHOWINGTYPE, STARTTIME, MOVIE_IDMOVIE, SCREEN_IDSCREEN, SHOWINGDATE) VALUES (415, '86', '3D', '11am', 3, 1, '2017-03-31');
INSERT INTO SHOWING(IDSHOWING, AVAILABLESEATS, SHOWINGTYPE, STARTTIME, MOVIE_IDMOVIE, SCREEN_IDSCREEN, SHOWINGDATE) VALUES (416, '34', '2D', '1pm', 3, 1, '2017-03-31');
INSERT INTO SHOWING(IDSHOWING, AVAILABLESEATS, SHOWINGTYPE, STARTTIME, MOVIE_IDMOVIE, SCREEN_IDSCREEN, SHOWINGDATE) VALUES (417, '36', '2D', '5pm', 3, 1, '2017-03-31');
INSERT INTO SHOWING(IDSHOWING, AVAILABLESEATS, SHOWINGTYPE, STARTTIME, MOVIE_IDMOVIE, SCREEN_IDSCREEN, SHOWINGDATE) VALUES (418, '7', '2D', '9am', 4, 1, '2017-03-31');
INSERT INTO SHOWING(IDSHOWING, AVAILABLESEATS, SHOWINGTYPE, STARTTIME, MOVIE_IDMOVIE, SCREEN_IDSCREEN, SHOWINGDATE) VALUES (419, '65', '3D', '3pm', 4, 1, '2017-03-31');
INSERT INTO SHOWING(IDSHOWING, AVAILABLESEATS, SHOWINGTYPE, STARTTIME, MOVIE_IDMOVIE, SCREEN_IDSCREEN, SHOWINGDATE) VALUES (420, '62', '2D', '8pm', 4, 1, '2017-03-31');
INSERT INTO SHOWING(IDSHOWING, AVAILABLESEATS, SHOWINGTYPE, STARTTIME, MOVIE_IDMOVIE, SCREEN_IDSCREEN, SHOWINGDATE) VALUES (421, '12', '3D', '11am', 5, 1, '2017-03-31');
INSERT INTO SHOWING(IDSHOWING, AVAILABLESEATS, SHOWINGTYPE, STARTTIME, MOVIE_IDMOVIE, SCREEN_IDSCREEN, SHOWINGDATE) VALUES (422, '92', '3D', '1pm', 5, 1, '2017-03-31');
INSERT INTO SHOWING(IDSHOWING, AVAILABLESEATS, SHOWINGTYPE, STARTTIME, MOVIE_IDMOVIE, SCREEN_IDSCREEN, SHOWINGDATE) VALUES (423, '10', '2D', '5pm', 5, 1, '2017-03-31');
INSERT INTO SHOWING(IDSHOWING, AVAILABLESEATS, SHOWINGTYPE, STARTTIME, MOVIE_IDMOVIE, SCREEN_IDSCREEN, SHOWINGDATE) VALUES (424, '35', '2D', '9am', 6, 1, '2017-03-31');
INSERT INTO SHOWING(IDSHOWING, AVAILABLESEATS, SHOWINGTYPE, STARTTIME, MOVIE_IDMOVIE, SCREEN_IDSCREEN, SHOWINGDATE) VALUES (425, '14', '2D', '3pm', 6, 1, '2017-03-31');
INSERT INTO SHOWING(IDSHOWING, AVAILABLESEATS, SHOWINGTYPE, STARTTIME, MOVIE_IDMOVIE, SCREEN_IDSCREEN, SHOWINGDATE) VALUES (426, '70', '3D', '8pm', 6, 1, '2017-03-31');
INSERT INTO SHOWING(IDSHOWING, AVAILABLESEATS, SHOWINGTYPE, STARTTIME, MOVIE_IDMOVIE, SCREEN_IDSCREEN, SHOWINGDATE) VALUES (427, '43', '2D', '9am', 8, 1, '2017-03-31');
INSERT INTO SHOWING(IDSHOWING, AVAILABLESEATS, SHOWINGTYPE, STARTTIME, MOVIE_IDMOVIE, SCREEN_IDSCREEN, SHOWINGDATE) VALUES (428, '86', '3D', '3pm', 8, 1, '2017-03-31');
INSERT INTO SHOWING(IDSHOWING, AVAILABLESEATS, SHOWINGTYPE, STARTTIME, MOVIE_IDMOVIE, SCREEN_IDSCREEN, SHOWINGDATE) VALUES (429, '95', '2D', '8pm', 8, 1, '2017-03-31');
INSERT INTO SHOWING(IDSHOWING, AVAILABLESEATS, SHOWINGTYPE, STARTTIME, MOVIE_IDMOVIE, SCREEN_IDSCREEN, SHOWINGDATE) VALUES (430, '28', '2D', '11am', 9, 1, '2017-03-31');
INSERT INTO SHOWING(IDSHOWING, AVAILABLESEATS, SHOWINGTYPE, STARTTIME, MOVIE_IDMOVIE, SCREEN_IDSCREEN, SHOWINGDATE) VALUES (431, '52', '2D', '1pm', 9, 1, '2017-03-31');
INSERT INTO SHOWING(IDSHOWING, AVAILABLESEATS, SHOWINGTYPE, STARTTIME, MOVIE_IDMOVIE, SCREEN_IDSCREEN, SHOWINGDATE) VALUES (432, '82', '2D', '5pm', 9, 1, '2017-03-31');
INSERT INTO SHOWING(IDSHOWING, AVAILABLESEATS, SHOWINGTYPE, STARTTIME, MOVIE_IDMOVIE, SCREEN_IDSCREEN, SHOWINGDATE) VALUES (433, '93', '2D', '11am', 1, 2, '2017-03-23');
INSERT INTO SHOWING(IDSHOWING, AVAILABLESEATS, SHOWINGTYPE, STARTTIME, MOVIE_IDMOVIE, SCREEN_IDSCREEN, SHOWINGDATE) VALUES (434, '22', '2D', '1pm', 1, 2, '2017-03-23');
INSERT INTO SHOWING(IDSHOWING, AVAILABLESEATS, SHOWINGTYPE, STARTTIME, MOVIE_IDMOVIE, SCREEN_IDSCREEN, SHOWINGDATE) VALUES (435, '7', '2D', '5pm', 1, 2, '2017-03-23');
INSERT INTO SHOWING(IDSHOWING, AVAILABLESEATS, SHOWINGTYPE, STARTTIME, MOVIE_IDMOVIE, SCREEN_IDSCREEN, SHOWINGDATE) VALUES (436, '80', '2D', '9am', 2, 2, '2017-03-23');
INSERT INTO SHOWING(IDSHOWING, AVAILABLESEATS, SHOWINGTYPE, STARTTIME, MOVIE_IDMOVIE, SCREEN_IDSCREEN, SHOWINGDATE) VALUES (437, '62', '2D', '3pm', 2, 2, '2017-03-23');
INSERT INTO SHOWING(IDSHOWING, AVAILABLESEATS, SHOWINGTYPE, STARTTIME, MOVIE_IDMOVIE, SCREEN_IDSCREEN, SHOWINGDATE) VALUES (438, '55', '2D', '8pm', 2, 2, '2017-03-23');
INSERT INTO SHOWING(IDSHOWING, AVAILABLESEATS, SHOWINGTYPE, STARTTIME, MOVIE_IDMOVIE, SCREEN_IDSCREEN, SHOWINGDATE) VALUES (439, '66', 'IMAX', '11am', 3, 2, '2017-03-23');
INSERT INTO SHOWING(IDSHOWING, AVAILABLESEATS, SHOWINGTYPE, STARTTIME, MOVIE_IDMOVIE, SCREEN_IDSCREEN, SHOWINGDATE) VALUES (440, '0', '2D', '1pm', 3, 2, '2017-03-23');
INSERT INTO SHOWING(IDSHOWING, AVAILABLESEATS, SHOWINGTYPE, STARTTIME, MOVIE_IDMOVIE, SCREEN_IDSCREEN, SHOWINGDATE) VALUES (441, '69', '2D', '5pm', 3, 2, '2017-03-23');
INSERT INTO SHOWING(IDSHOWING, AVAILABLESEATS, SHOWINGTYPE, STARTTIME, MOVIE_IDMOVIE, SCREEN_IDSCREEN, SHOWINGDATE) VALUES (442, '60', 'IMAX', '9am', 4, 2, '2017-03-23');
INSERT INTO SHOWING(IDSHOWING, AVAILABLESEATS, SHOWINGTYPE, STARTTIME, MOVIE_IDMOVIE, SCREEN_IDSCREEN, SHOWINGDATE) VALUES (443, '44', '2D', '3pm', 4, 2, '2017-03-23');
INSERT INTO SHOWING(IDSHOWING, AVAILABLESEATS, SHOWINGTYPE, STARTTIME, MOVIE_IDMOVIE, SCREEN_IDSCREEN, SHOWINGDATE) VALUES (444, '4', '3D', '8pm', 4, 2, '2017-03-23');
INSERT INTO SHOWING(IDSHOWING, AVAILABLESEATS, SHOWINGTYPE, STARTTIME, MOVIE_IDMOVIE, SCREEN_IDSCREEN, SHOWINGDATE) VALUES (445, '7', '2D', '11am', 5, 2, '2017-03-23');
INSERT INTO SHOWING(IDSHOWING, AVAILABLESEATS, SHOWINGTYPE, STARTTIME, MOVIE_IDMOVIE, SCREEN_IDSCREEN, SHOWINGDATE) VALUES (446, '74', '2D', '1pm', 5, 2, '2017-03-23');
INSERT INTO SHOWING(IDSHOWING, AVAILABLESEATS, SHOWINGTYPE, STARTTIME, MOVIE_IDMOVIE, SCREEN_IDSCREEN, SHOWINGDATE) VALUES (447, '66', 'IMAX', '5pm', 5, 2, '2017-03-23');
INSERT INTO SHOWING(IDSHOWING, AVAILABLESEATS, SHOWINGTYPE, STARTTIME, MOVIE_IDMOVIE, SCREEN_IDSCREEN, SHOWINGDATE) VALUES (448, '93', '2D', '9am', 6, 2, '2017-03-23');
INSERT INTO SHOWING(IDSHOWING, AVAILABLESEATS, SHOWINGTYPE, STARTTIME, MOVIE_IDMOVIE, SCREEN_IDSCREEN, SHOWINGDATE) VALUES (449, '71', '2D', '3pm', 6, 2, '2017-03-23');
INSERT INTO SHOWING(IDSHOWING, AVAILABLESEATS, SHOWINGTYPE, STARTTIME, MOVIE_IDMOVIE, SCREEN_IDSCREEN, SHOWINGDATE) VALUES (450, '68', '2D', '8pm', 6, 2, '2017-03-23');
INSERT INTO SHOWING(IDSHOWING, AVAILABLESEATS, SHOWINGTYPE, STARTTIME, MOVIE_IDMOVIE, SCREEN_IDSCREEN, SHOWINGDATE) VALUES (451, '37', '2D', '9am', 8, 2, '2017-03-23');
INSERT INTO SHOWING(IDSHOWING, AVAILABLESEATS, SHOWINGTYPE, STARTTIME, MOVIE_IDMOVIE, SCREEN_IDSCREEN, SHOWINGDATE) VALUES (452, '18', '2D', '3pm', 8, 2, '2017-03-23');
INSERT INTO SHOWING(IDSHOWING, AVAILABLESEATS, SHOWINGTYPE, STARTTIME, MOVIE_IDMOVIE, SCREEN_IDSCREEN, SHOWINGDATE) VALUES (453, '87', '3D', '8pm', 8, 2, '2017-03-23');
INSERT INTO SHOWING(IDSHOWING, AVAILABLESEATS, SHOWINGTYPE, STARTTIME, MOVIE_IDMOVIE, SCREEN_IDSCREEN, SHOWINGDATE) VALUES (454, '30', '2D', '11am', 9, 2, '2017-03-23');
INSERT INTO SHOWING(IDSHOWING, AVAILABLESEATS, SHOWINGTYPE, STARTTIME, MOVIE_IDMOVIE, SCREEN_IDSCREEN, SHOWINGDATE) VALUES (455, '57', '2D', '1pm', 9, 2, '2017-03-23');
INSERT INTO SHOWING(IDSHOWING, AVAILABLESEATS, SHOWINGTYPE, STARTTIME, MOVIE_IDMOVIE, SCREEN_IDSCREEN, SHOWINGDATE) VALUES (456, '47', '2D', '5pm', 9, 2, '2017-03-23');
INSERT INTO SHOWING(IDSHOWING, AVAILABLESEATS, SHOWINGTYPE, STARTTIME, MOVIE_IDMOVIE, SCREEN_IDSCREEN, SHOWINGDATE) VALUES (457, '71', '2D', '11am', 1, 2, '2017-03-24');
INSERT INTO SHOWING(IDSHOWING, AVAILABLESEATS, SHOWINGTYPE, STARTTIME, MOVIE_IDMOVIE, SCREEN_IDSCREEN, SHOWINGDATE) VALUES (458, '38', '2D', '1pm', 1, 2, '2017-03-24');
INSERT INTO SHOWING(IDSHOWING, AVAILABLESEATS, SHOWINGTYPE, STARTTIME, MOVIE_IDMOVIE, SCREEN_IDSCREEN, SHOWINGDATE) VALUES (459, '83', 'IMAX', '5pm', 1, 2, '2017-03-24');
INSERT INTO SHOWING(IDSHOWING, AVAILABLESEATS, SHOWINGTYPE, STARTTIME, MOVIE_IDMOVIE, SCREEN_IDSCREEN, SHOWINGDATE) VALUES (460, '64', '3D', '9am', 2, 2, '2017-03-24');
INSERT INTO SHOWING(IDSHOWING, AVAILABLESEATS, SHOWINGTYPE, STARTTIME, MOVIE_IDMOVIE, SCREEN_IDSCREEN, SHOWINGDATE) VALUES (461, '30', '2D', '3pm', 2, 2, '2017-03-24');
INSERT INTO SHOWING(IDSHOWING, AVAILABLESEATS, SHOWINGTYPE, STARTTIME, MOVIE_IDMOVIE, SCREEN_IDSCREEN, SHOWINGDATE) VALUES (462, '60', '2D', '8pm', 2, 2, '2017-03-24');
INSERT INTO SHOWING(IDSHOWING, AVAILABLESEATS, SHOWINGTYPE, STARTTIME, MOVIE_IDMOVIE, SCREEN_IDSCREEN, SHOWINGDATE) VALUES (463, '91', '2D', '11am', 3, 2, '2017-03-24');
INSERT INTO SHOWING(IDSHOWING, AVAILABLESEATS, SHOWINGTYPE, STARTTIME, MOVIE_IDMOVIE, SCREEN_IDSCREEN, SHOWINGDATE) VALUES (464, '94', '2D', '1pm', 3, 2, '2017-03-24');
INSERT INTO SHOWING(IDSHOWING, AVAILABLESEATS, SHOWINGTYPE, STARTTIME, MOVIE_IDMOVIE, SCREEN_IDSCREEN, SHOWINGDATE) VALUES (465, '61', '2D', '5pm', 3, 2, '2017-03-24');
INSERT INTO SHOWING(IDSHOWING, AVAILABLESEATS, SHOWINGTYPE, STARTTIME, MOVIE_IDMOVIE, SCREEN_IDSCREEN, SHOWINGDATE) VALUES (466, '30', '3D', '9am', 4, 2, '2017-03-24');
INSERT INTO SHOWING(IDSHOWING, AVAILABLESEATS, SHOWINGTYPE, STARTTIME, MOVIE_IDMOVIE, SCREEN_IDSCREEN, SHOWINGDATE) VALUES (467, '53', 'IMAX', '3pm', 4, 2, '2017-03-24');
INSERT INTO SHOWING(IDSHOWING, AVAILABLESEATS, SHOWINGTYPE, STARTTIME, MOVIE_IDMOVIE, SCREEN_IDSCREEN, SHOWINGDATE) VALUES (468, '59', 'IMAX', '8pm', 4, 2, '2017-03-24');
INSERT INTO SHOWING(IDSHOWING, AVAILABLESEATS, SHOWINGTYPE, STARTTIME, MOVIE_IDMOVIE, SCREEN_IDSCREEN, SHOWINGDATE) VALUES (469, '22', '2D', '11am', 5, 2, '2017-03-24');
INSERT INTO SHOWING(IDSHOWING, AVAILABLESEATS, SHOWINGTYPE, STARTTIME, MOVIE_IDMOVIE, SCREEN_IDSCREEN, SHOWINGDATE) VALUES (470, '16', '2D', '1pm', 5, 2, '2017-03-24');
INSERT INTO SHOWING(IDSHOWING, AVAILABLESEATS, SHOWINGTYPE, STARTTIME, MOVIE_IDMOVIE, SCREEN_IDSCREEN, SHOWINGDATE) VALUES (471, '63', '2D', '5pm', 5, 2, '2017-03-24');
INSERT INTO SHOWING(IDSHOWING, AVAILABLESEATS, SHOWINGTYPE, STARTTIME, MOVIE_IDMOVIE, SCREEN_IDSCREEN, SHOWINGDATE) VALUES (472, '84', '2D', '9am', 6, 2, '2017-03-24');
INSERT INTO SHOWING(IDSHOWING, AVAILABLESEATS, SHOWINGTYPE, STARTTIME, MOVIE_IDMOVIE, SCREEN_IDSCREEN, SHOWINGDATE) VALUES (473, '68', '2D', '3pm', 6, 2, '2017-03-24');
INSERT INTO SHOWING(IDSHOWING, AVAILABLESEATS, SHOWINGTYPE, STARTTIME, MOVIE_IDMOVIE, SCREEN_IDSCREEN, SHOWINGDATE) VALUES (474, '69', '2D', '8pm', 6, 2, '2017-03-24');
INSERT INTO SHOWING(IDSHOWING, AVAILABLESEATS, SHOWINGTYPE, STARTTIME, MOVIE_IDMOVIE, SCREEN_IDSCREEN, SHOWINGDATE) VALUES (475, '90', '2D', '9am', 8, 2, '2017-03-24');
INSERT INTO SHOWING(IDSHOWING, AVAILABLESEATS, SHOWINGTYPE, STARTTIME, MOVIE_IDMOVIE, SCREEN_IDSCREEN, SHOWINGDATE) VALUES (476, '24', '2D', '3pm', 8, 2, '2017-03-24');
INSERT INTO SHOWING(IDSHOWING, AVAILABLESEATS, SHOWINGTYPE, STARTTIME, MOVIE_IDMOVIE, SCREEN_IDSCREEN, SHOWINGDATE) VALUES (477, '49', '2D', '8pm', 8, 2, '2017-03-24');
INSERT INTO SHOWING(IDSHOWING, AVAILABLESEATS, SHOWINGTYPE, STARTTIME, MOVIE_IDMOVIE, SCREEN_IDSCREEN, SHOWINGDATE) VALUES (478, '1', '2D', '11am', 9, 2, '2017-03-24');
INSERT INTO SHOWING(IDSHOWING, AVAILABLESEATS, SHOWINGTYPE, STARTTIME, MOVIE_IDMOVIE, SCREEN_IDSCREEN, SHOWINGDATE) VALUES (479, '29', '2D', '1pm', 9, 2, '2017-03-24');
INSERT INTO SHOWING(IDSHOWING, AVAILABLESEATS, SHOWINGTYPE, STARTTIME, MOVIE_IDMOVIE, SCREEN_IDSCREEN, SHOWINGDATE) VALUES (480, '44', '2D', '5pm', 9, 2, '2017-03-24');
INSERT INTO SHOWING(IDSHOWING, AVAILABLESEATS, SHOWINGTYPE, STARTTIME, MOVIE_IDMOVIE, SCREEN_IDSCREEN, SHOWINGDATE) VALUES (481, '5', '2D', '11am', 1, 2, '2017-03-25');
INSERT INTO SHOWING(IDSHOWING, AVAILABLESEATS, SHOWINGTYPE, STARTTIME, MOVIE_IDMOVIE, SCREEN_IDSCREEN, SHOWINGDATE) VALUES (482, '12', '2D', '1pm', 1, 2, '2017-03-25');
INSERT INTO SHOWING(IDSHOWING, AVAILABLESEATS, SHOWINGTYPE, STARTTIME, MOVIE_IDMOVIE, SCREEN_IDSCREEN, SHOWINGDATE) VALUES (483, '2', '2D', '5pm', 1, 2, '2017-03-25');
INSERT INTO SHOWING(IDSHOWING, AVAILABLESEATS, SHOWINGTYPE, STARTTIME, MOVIE_IDMOVIE, SCREEN_IDSCREEN, SHOWINGDATE) VALUES (484, '78', '2D', '9am', 2, 2, '2017-03-25');
INSERT INTO SHOWING(IDSHOWING, AVAILABLESEATS, SHOWINGTYPE, STARTTIME, MOVIE_IDMOVIE, SCREEN_IDSCREEN, SHOWINGDATE) VALUES (485, '68', '2D', '3pm', 2, 2, '2017-03-25');
INSERT INTO SHOWING(IDSHOWING, AVAILABLESEATS, SHOWINGTYPE, STARTTIME, MOVIE_IDMOVIE, SCREEN_IDSCREEN, SHOWINGDATE) VALUES (486, '70', '3D', '8pm', 2, 2, '2017-03-25');
INSERT INTO SHOWING(IDSHOWING, AVAILABLESEATS, SHOWINGTYPE, STARTTIME, MOVIE_IDMOVIE, SCREEN_IDSCREEN, SHOWINGDATE) VALUES (487, '11', '2D', '11am', 3, 2, '2017-03-25');
INSERT INTO SHOWING(IDSHOWING, AVAILABLESEATS, SHOWINGTYPE, STARTTIME, MOVIE_IDMOVIE, SCREEN_IDSCREEN, SHOWINGDATE) VALUES (488, '89', '2D', '1pm', 3, 2, '2017-03-25');
INSERT INTO SHOWING(IDSHOWING, AVAILABLESEATS, SHOWINGTYPE, STARTTIME, MOVIE_IDMOVIE, SCREEN_IDSCREEN, SHOWINGDATE) VALUES (489, '12', '3D', '5pm', 3, 2, '2017-03-25');
INSERT INTO SHOWING(IDSHOWING, AVAILABLESEATS, SHOWINGTYPE, STARTTIME, MOVIE_IDMOVIE, SCREEN_IDSCREEN, SHOWINGDATE) VALUES (490, '18', '2D', '9am', 4, 2, '2017-03-25');
INSERT INTO SHOWING(IDSHOWING, AVAILABLESEATS, SHOWINGTYPE, STARTTIME, MOVIE_IDMOVIE, SCREEN_IDSCREEN, SHOWINGDATE) VALUES (491, '26', '3D', '3pm', 4, 2, '2017-03-25');
INSERT INTO SHOWING(IDSHOWING, AVAILABLESEATS, SHOWINGTYPE, STARTTIME, MOVIE_IDMOVIE, SCREEN_IDSCREEN, SHOWINGDATE) VALUES (492, '12', '2D', '8pm', 4, 2, '2017-03-25');
INSERT INTO SHOWING(IDSHOWING, AVAILABLESEATS, SHOWINGTYPE, STARTTIME, MOVIE_IDMOVIE, SCREEN_IDSCREEN, SHOWINGDATE) VALUES (493, '3', 'IMAX', '11am', 5, 2, '2017-03-25');
INSERT INTO SHOWING(IDSHOWING, AVAILABLESEATS, SHOWINGTYPE, STARTTIME, MOVIE_IDMOVIE, SCREEN_IDSCREEN, SHOWINGDATE) VALUES (494, '9', '2D', '1pm', 5, 2, '2017-03-25');
INSERT INTO SHOWING(IDSHOWING, AVAILABLESEATS, SHOWINGTYPE, STARTTIME, MOVIE_IDMOVIE, SCREEN_IDSCREEN, SHOWINGDATE) VALUES (495, '51', '3D', '5pm', 5, 2, '2017-03-25');
INSERT INTO SHOWING(IDSHOWING, AVAILABLESEATS, SHOWINGTYPE, STARTTIME, MOVIE_IDMOVIE, SCREEN_IDSCREEN, SHOWINGDATE) VALUES (496, '71', '3D', '9am', 6, 2, '2017-03-25');
INSERT INTO SHOWING(IDSHOWING, AVAILABLESEATS, SHOWINGTYPE, STARTTIME, MOVIE_IDMOVIE, SCREEN_IDSCREEN, SHOWINGDATE) VALUES (497, '51', '2D', '3pm', 6, 2, '2017-03-25');
INSERT INTO SHOWING(IDSHOWING, AVAILABLESEATS, SHOWINGTYPE, STARTTIME, MOVIE_IDMOVIE, SCREEN_IDSCREEN, SHOWINGDATE) VALUES (498, '80', 'IMAX', '8pm', 6, 2, '2017-03-25');
INSERT INTO SHOWING(IDSHOWING, AVAILABLESEATS, SHOWINGTYPE, STARTTIME, MOVIE_IDMOVIE, SCREEN_IDSCREEN, SHOWINGDATE) VALUES (499, '77', 'IMAX', '9am', 8, 2, '2017-03-25');
INSERT INTO SHOWING(IDSHOWING, AVAILABLESEATS, SHOWINGTYPE, STARTTIME, MOVIE_IDMOVIE, SCREEN_IDSCREEN, SHOWINGDATE) VALUES (500, '91', '2D', '3pm', 8, 2, '2017-03-25');
INSERT INTO SHOWING(IDSHOWING, AVAILABLESEATS, SHOWINGTYPE, STARTTIME, MOVIE_IDMOVIE, SCREEN_IDSCREEN, SHOWINGDATE) VALUES (501, '32', '2D', '8pm', 8, 2, '2017-03-25');
INSERT INTO SHOWING(IDSHOWING, AVAILABLESEATS, SHOWINGTYPE, STARTTIME, MOVIE_IDMOVIE, SCREEN_IDSCREEN, SHOWINGDATE) VALUES (502, '99', '2D', '11am', 9, 2, '2017-03-25');
INSERT INTO SHOWING(IDSHOWING, AVAILABLESEATS, SHOWINGTYPE, STARTTIME, MOVIE_IDMOVIE, SCREEN_IDSCREEN, SHOWINGDATE) VALUES (503, '68', '2D', '1pm', 9, 2, '2017-03-25');
INSERT INTO SHOWING(IDSHOWING, AVAILABLESEATS, SHOWINGTYPE, STARTTIME, MOVIE_IDMOVIE, SCREEN_IDSCREEN, SHOWINGDATE) VALUES (504, '67', '3D', '5pm', 9, 2, '2017-03-25');
INSERT INTO SHOWING(IDSHOWING, AVAILABLESEATS, SHOWINGTYPE, STARTTIME, MOVIE_IDMOVIE, SCREEN_IDSCREEN, SHOWINGDATE) VALUES (505, '82', '2D', '11am', 1, 2, '2017-03-26');
INSERT INTO SHOWING(IDSHOWING, AVAILABLESEATS, SHOWINGTYPE, STARTTIME, MOVIE_IDMOVIE, SCREEN_IDSCREEN, SHOWINGDATE) VALUES (506, '98', '2D', '1pm', 1, 2, '2017-03-26');
INSERT INTO SHOWING(IDSHOWING, AVAILABLESEATS, SHOWINGTYPE, STARTTIME, MOVIE_IDMOVIE, SCREEN_IDSCREEN, SHOWINGDATE) VALUES (507, '17', '2D', '5pm', 1, 2, '2017-03-26');
INSERT INTO SHOWING(IDSHOWING, AVAILABLESEATS, SHOWINGTYPE, STARTTIME, MOVIE_IDMOVIE, SCREEN_IDSCREEN, SHOWINGDATE) VALUES (508, '28', '2D', '9am', 2, 2, '2017-03-26');
INSERT INTO SHOWING(IDSHOWING, AVAILABLESEATS, SHOWINGTYPE, STARTTIME, MOVIE_IDMOVIE, SCREEN_IDSCREEN, SHOWINGDATE) VALUES (509, '95', '2D', '3pm', 2, 2, '2017-03-26');
INSERT INTO SHOWING(IDSHOWING, AVAILABLESEATS, SHOWINGTYPE, STARTTIME, MOVIE_IDMOVIE, SCREEN_IDSCREEN, SHOWINGDATE) VALUES (510, '97', '2D', '8pm', 2, 2, '2017-03-26');
INSERT INTO SHOWING(IDSHOWING, AVAILABLESEATS, SHOWINGTYPE, STARTTIME, MOVIE_IDMOVIE, SCREEN_IDSCREEN, SHOWINGDATE) VALUES (511, '24', 'IMAX', '11am', 3, 2, '2017-03-26');
INSERT INTO SHOWING(IDSHOWING, AVAILABLESEATS, SHOWINGTYPE, STARTTIME, MOVIE_IDMOVIE, SCREEN_IDSCREEN, SHOWINGDATE) VALUES (512, '20', 'IMAX', '1pm', 3, 2, '2017-03-26');
INSERT INTO SHOWING(IDSHOWING, AVAILABLESEATS, SHOWINGTYPE, STARTTIME, MOVIE_IDMOVIE, SCREEN_IDSCREEN, SHOWINGDATE) VALUES (513, '20', '3D', '5pm', 3, 2, '2017-03-26');
INSERT INTO SHOWING(IDSHOWING, AVAILABLESEATS, SHOWINGTYPE, STARTTIME, MOVIE_IDMOVIE, SCREEN_IDSCREEN, SHOWINGDATE) VALUES (514, '7', 'IMAX', '9am', 4, 2, '2017-03-26');
INSERT INTO SHOWING(IDSHOWING, AVAILABLESEATS, SHOWINGTYPE, STARTTIME, MOVIE_IDMOVIE, SCREEN_IDSCREEN, SHOWINGDATE) VALUES (515, '8', '3D', '3pm', 4, 2, '2017-03-26');
INSERT INTO SHOWING(IDSHOWING, AVAILABLESEATS, SHOWINGTYPE, STARTTIME, MOVIE_IDMOVIE, SCREEN_IDSCREEN, SHOWINGDATE) VALUES (516, '38', '2D', '8pm', 4, 2, '2017-03-26');
INSERT INTO SHOWING(IDSHOWING, AVAILABLESEATS, SHOWINGTYPE, STARTTIME, MOVIE_IDMOVIE, SCREEN_IDSCREEN, SHOWINGDATE) VALUES (517, '48', 'IMAX', '11am', 5, 2, '2017-03-26');
INSERT INTO SHOWING(IDSHOWING, AVAILABLESEATS, SHOWINGTYPE, STARTTIME, MOVIE_IDMOVIE, SCREEN_IDSCREEN, SHOWINGDATE) VALUES (518, '32', '2D', '1pm', 5, 2, '2017-03-26');
INSERT INTO SHOWING(IDSHOWING, AVAILABLESEATS, SHOWINGTYPE, STARTTIME, MOVIE_IDMOVIE, SCREEN_IDSCREEN, SHOWINGDATE) VALUES (519, '28', '3D', '5pm', 5, 2, '2017-03-26');
INSERT INTO SHOWING(IDSHOWING, AVAILABLESEATS, SHOWINGTYPE, STARTTIME, MOVIE_IDMOVIE, SCREEN_IDSCREEN, SHOWINGDATE) VALUES (520, '98', '2D', '9am', 6, 2, '2017-03-26');
INSERT INTO SHOWING(IDSHOWING, AVAILABLESEATS, SHOWINGTYPE, STARTTIME, MOVIE_IDMOVIE, SCREEN_IDSCREEN, SHOWINGDATE) VALUES (521, '56', '3D', '3pm', 6, 2, '2017-03-26');
INSERT INTO SHOWING(IDSHOWING, AVAILABLESEATS, SHOWINGTYPE, STARTTIME, MOVIE_IDMOVIE, SCREEN_IDSCREEN, SHOWINGDATE) VALUES (522, '77', 'IMAX', '8pm', 6, 2, '2017-03-26');
INSERT INTO SHOWING(IDSHOWING, AVAILABLESEATS, SHOWINGTYPE, STARTTIME, MOVIE_IDMOVIE, SCREEN_IDSCREEN, SHOWINGDATE) VALUES (523, '8', '3D', '9am', 8, 2, '2017-03-26');
INSERT INTO SHOWING(IDSHOWING, AVAILABLESEATS, SHOWINGTYPE, STARTTIME, MOVIE_IDMOVIE, SCREEN_IDSCREEN, SHOWINGDATE) VALUES (524, '59', '3D', '3pm', 8, 2, '2017-03-26');
INSERT INTO SHOWING(IDSHOWING, AVAILABLESEATS, SHOWINGTYPE, STARTTIME, MOVIE_IDMOVIE, SCREEN_IDSCREEN, SHOWINGDATE) VALUES (525, '59', '2D', '8pm', 8, 2, '2017-03-26');
INSERT INTO SHOWING(IDSHOWING, AVAILABLESEATS, SHOWINGTYPE, STARTTIME, MOVIE_IDMOVIE, SCREEN_IDSCREEN, SHOWINGDATE) VALUES (526, '82', '2D', '11am', 9, 2, '2017-03-26');
INSERT INTO SHOWING(IDSHOWING, AVAILABLESEATS, SHOWINGTYPE, STARTTIME, MOVIE_IDMOVIE, SCREEN_IDSCREEN, SHOWINGDATE) VALUES (527, '100', '2D', '1pm', 9, 2, '2017-03-26');
INSERT INTO SHOWING(IDSHOWING, AVAILABLESEATS, SHOWINGTYPE, STARTTIME, MOVIE_IDMOVIE, SCREEN_IDSCREEN, SHOWINGDATE) VALUES (528, '23', '2D', '5pm', 9, 2, '2017-03-26');
INSERT INTO SHOWING(IDSHOWING, AVAILABLESEATS, SHOWINGTYPE, STARTTIME, MOVIE_IDMOVIE, SCREEN_IDSCREEN, SHOWINGDATE) VALUES (529, '86', '2D', '11am', 1, 2, '2017-03-27');
INSERT INTO SHOWING(IDSHOWING, AVAILABLESEATS, SHOWINGTYPE, STARTTIME, MOVIE_IDMOVIE, SCREEN_IDSCREEN, SHOWINGDATE) VALUES (530, '39', '2D', '1pm', 1, 2, '2017-03-27');
INSERT INTO SHOWING(IDSHOWING, AVAILABLESEATS, SHOWINGTYPE, STARTTIME, MOVIE_IDMOVIE, SCREEN_IDSCREEN, SHOWINGDATE) VALUES (531, '64', '2D', '5pm', 1, 2, '2017-03-27');
INSERT INTO SHOWING(IDSHOWING, AVAILABLESEATS, SHOWINGTYPE, STARTTIME, MOVIE_IDMOVIE, SCREEN_IDSCREEN, SHOWINGDATE) VALUES (532, '2', '2D', '9am', 2, 2, '2017-03-27');
INSERT INTO SHOWING(IDSHOWING, AVAILABLESEATS, SHOWINGTYPE, STARTTIME, MOVIE_IDMOVIE, SCREEN_IDSCREEN, SHOWINGDATE) VALUES (533, '81', '2D', '3pm', 2, 2, '2017-03-27');
INSERT INTO SHOWING(IDSHOWING, AVAILABLESEATS, SHOWINGTYPE, STARTTIME, MOVIE_IDMOVIE, SCREEN_IDSCREEN, SHOWINGDATE) VALUES (534, '55', '2D', '8pm', 2, 2, '2017-03-27');
INSERT INTO SHOWING(IDSHOWING, AVAILABLESEATS, SHOWINGTYPE, STARTTIME, MOVIE_IDMOVIE, SCREEN_IDSCREEN, SHOWINGDATE) VALUES (535, '91', '2D', '11am', 3, 2, '2017-03-27');
INSERT INTO SHOWING(IDSHOWING, AVAILABLESEATS, SHOWINGTYPE, STARTTIME, MOVIE_IDMOVIE, SCREEN_IDSCREEN, SHOWINGDATE) VALUES (536, '2', '2D', '1pm', 3, 2, '2017-03-27');
INSERT INTO SHOWING(IDSHOWING, AVAILABLESEATS, SHOWINGTYPE, STARTTIME, MOVIE_IDMOVIE, SCREEN_IDSCREEN, SHOWINGDATE) VALUES (537, '78', '3D', '5pm', 3, 2, '2017-03-27');
INSERT INTO SHOWING(IDSHOWING, AVAILABLESEATS, SHOWINGTYPE, STARTTIME, MOVIE_IDMOVIE, SCREEN_IDSCREEN, SHOWINGDATE) VALUES (538, '51', '2D', '9am', 4, 2, '2017-03-27');
INSERT INTO SHOWING(IDSHOWING, AVAILABLESEATS, SHOWINGTYPE, STARTTIME, MOVIE_IDMOVIE, SCREEN_IDSCREEN, SHOWINGDATE) VALUES (539, '81', '3D', '3pm', 4, 2, '2017-03-27');
INSERT INTO SHOWING(IDSHOWING, AVAILABLESEATS, SHOWINGTYPE, STARTTIME, MOVIE_IDMOVIE, SCREEN_IDSCREEN, SHOWINGDATE) VALUES (540, '83', '3D', '8pm', 4, 2, '2017-03-27');
INSERT INTO SHOWING(IDSHOWING, AVAILABLESEATS, SHOWINGTYPE, STARTTIME, MOVIE_IDMOVIE, SCREEN_IDSCREEN, SHOWINGDATE) VALUES (541, '92', '2D', '11am', 5, 2, '2017-03-27');
INSERT INTO SHOWING(IDSHOWING, AVAILABLESEATS, SHOWINGTYPE, STARTTIME, MOVIE_IDMOVIE, SCREEN_IDSCREEN, SHOWINGDATE) VALUES (542, '40', 'IMAX', '1pm', 5, 2, '2017-03-27');
INSERT INTO SHOWING(IDSHOWING, AVAILABLESEATS, SHOWINGTYPE, STARTTIME, MOVIE_IDMOVIE, SCREEN_IDSCREEN, SHOWINGDATE) VALUES (543, '53', '2D', '5pm', 5, 2, '2017-03-27');
INSERT INTO SHOWING(IDSHOWING, AVAILABLESEATS, SHOWINGTYPE, STARTTIME, MOVIE_IDMOVIE, SCREEN_IDSCREEN, SHOWINGDATE) VALUES (544, '50', '2D', '9am', 6, 2, '2017-03-27');
INSERT INTO SHOWING(IDSHOWING, AVAILABLESEATS, SHOWINGTYPE, STARTTIME, MOVIE_IDMOVIE, SCREEN_IDSCREEN, SHOWINGDATE) VALUES (545, '98', '3D', '3pm', 6, 2, '2017-03-27');
INSERT INTO SHOWING(IDSHOWING, AVAILABLESEATS, SHOWINGTYPE, STARTTIME, MOVIE_IDMOVIE, SCREEN_IDSCREEN, SHOWINGDATE) VALUES (546, '60', '2D', '8pm', 6, 2, '2017-03-27');
INSERT INTO SHOWING(IDSHOWING, AVAILABLESEATS, SHOWINGTYPE, STARTTIME, MOVIE_IDMOVIE, SCREEN_IDSCREEN, SHOWINGDATE) VALUES (547, '84', '3D', '9am', 8, 2, '2017-03-27');
INSERT INTO SHOWING(IDSHOWING, AVAILABLESEATS, SHOWINGTYPE, STARTTIME, MOVIE_IDMOVIE, SCREEN_IDSCREEN, SHOWINGDATE) VALUES (548, '4', '2D', '3pm', 8, 2, '2017-03-27');
INSERT INTO SHOWING(IDSHOWING, AVAILABLESEATS, SHOWINGTYPE, STARTTIME, MOVIE_IDMOVIE, SCREEN_IDSCREEN, SHOWINGDATE) VALUES (549, '65', '2D', '8pm', 8, 2, '2017-03-27');
INSERT INTO SHOWING(IDSHOWING, AVAILABLESEATS, SHOWINGTYPE, STARTTIME, MOVIE_IDMOVIE, SCREEN_IDSCREEN, SHOWINGDATE) VALUES (550, '62', '3D', '11am', 9, 2, '2017-03-27');
INSERT INTO SHOWING(IDSHOWING, AVAILABLESEATS, SHOWINGTYPE, STARTTIME, MOVIE_IDMOVIE, SCREEN_IDSCREEN, SHOWINGDATE) VALUES (551, '59', '2D', '1pm', 9, 2, '2017-03-27');
INSERT INTO SHOWING(IDSHOWING, AVAILABLESEATS, SHOWINGTYPE, STARTTIME, MOVIE_IDMOVIE, SCREEN_IDSCREEN, SHOWINGDATE) VALUES (552, '78', '3D', '5pm', 9, 2, '2017-03-27');
INSERT INTO SHOWING(IDSHOWING, AVAILABLESEATS, SHOWINGTYPE, STARTTIME, MOVIE_IDMOVIE, SCREEN_IDSCREEN, SHOWINGDATE) VALUES (553, '33', 'IMAX', '11am', 1, 2, '2017-03-28');
INSERT INTO SHOWING(IDSHOWING, AVAILABLESEATS, SHOWINGTYPE, STARTTIME, MOVIE_IDMOVIE, SCREEN_IDSCREEN, SHOWINGDATE) VALUES (554, '29', 'IMAX', '1pm', 1, 2, '2017-03-28');
INSERT INTO SHOWING(IDSHOWING, AVAILABLESEATS, SHOWINGTYPE, STARTTIME, MOVIE_IDMOVIE, SCREEN_IDSCREEN, SHOWINGDATE) VALUES (555, '99', '2D', '5pm', 1, 2, '2017-03-28');
INSERT INTO SHOWING(IDSHOWING, AVAILABLESEATS, SHOWINGTYPE, STARTTIME, MOVIE_IDMOVIE, SCREEN_IDSCREEN, SHOWINGDATE) VALUES (556, '42', '3D', '9am', 2, 2, '2017-03-28');
INSERT INTO SHOWING(IDSHOWING, AVAILABLESEATS, SHOWINGTYPE, STARTTIME, MOVIE_IDMOVIE, SCREEN_IDSCREEN, SHOWINGDATE) VALUES (557, '99', '2D', '3pm', 2, 2, '2017-03-28');
INSERT INTO SHOWING(IDSHOWING, AVAILABLESEATS, SHOWINGTYPE, STARTTIME, MOVIE_IDMOVIE, SCREEN_IDSCREEN, SHOWINGDATE) VALUES (558, '60', '3D', '8pm', 2, 2, '2017-03-28');
INSERT INTO SHOWING(IDSHOWING, AVAILABLESEATS, SHOWINGTYPE, STARTTIME, MOVIE_IDMOVIE, SCREEN_IDSCREEN, SHOWINGDATE) VALUES (559, '45', '2D', '11am', 3, 2, '2017-03-28');
INSERT INTO SHOWING(IDSHOWING, AVAILABLESEATS, SHOWINGTYPE, STARTTIME, MOVIE_IDMOVIE, SCREEN_IDSCREEN, SHOWINGDATE) VALUES (560, '11', '2D', '1pm', 3, 2, '2017-03-28');
INSERT INTO SHOWING(IDSHOWING, AVAILABLESEATS, SHOWINGTYPE, STARTTIME, MOVIE_IDMOVIE, SCREEN_IDSCREEN, SHOWINGDATE) VALUES (561, '12', '3D', '5pm', 3, 2, '2017-03-28');
INSERT INTO SHOWING(IDSHOWING, AVAILABLESEATS, SHOWINGTYPE, STARTTIME, MOVIE_IDMOVIE, SCREEN_IDSCREEN, SHOWINGDATE) VALUES (562, '73', '2D', '9am', 4, 2, '2017-03-28');
INSERT INTO SHOWING(IDSHOWING, AVAILABLESEATS, SHOWINGTYPE, STARTTIME, MOVIE_IDMOVIE, SCREEN_IDSCREEN, SHOWINGDATE) VALUES (563, '15', '3D', '3pm', 4, 2, '2017-03-28');
INSERT INTO SHOWING(IDSHOWING, AVAILABLESEATS, SHOWINGTYPE, STARTTIME, MOVIE_IDMOVIE, SCREEN_IDSCREEN, SHOWINGDATE) VALUES (564, '27', '3D', '8pm', 4, 2, '2017-03-28');
INSERT INTO SHOWING(IDSHOWING, AVAILABLESEATS, SHOWINGTYPE, STARTTIME, MOVIE_IDMOVIE, SCREEN_IDSCREEN, SHOWINGDATE) VALUES (565, '45', '2D', '11am', 5, 2, '2017-03-28');
INSERT INTO SHOWING(IDSHOWING, AVAILABLESEATS, SHOWINGTYPE, STARTTIME, MOVIE_IDMOVIE, SCREEN_IDSCREEN, SHOWINGDATE) VALUES (566, '96', '2D', '1pm', 5, 2, '2017-03-28');
INSERT INTO SHOWING(IDSHOWING, AVAILABLESEATS, SHOWINGTYPE, STARTTIME, MOVIE_IDMOVIE, SCREEN_IDSCREEN, SHOWINGDATE) VALUES (567, '31', '3D', '5pm', 5, 2, '2017-03-28');
INSERT INTO SHOWING(IDSHOWING, AVAILABLESEATS, SHOWINGTYPE, STARTTIME, MOVIE_IDMOVIE, SCREEN_IDSCREEN, SHOWINGDATE) VALUES (568, '44', '2D', '9am', 6, 2, '2017-03-28');
INSERT INTO SHOWING(IDSHOWING, AVAILABLESEATS, SHOWINGTYPE, STARTTIME, MOVIE_IDMOVIE, SCREEN_IDSCREEN, SHOWINGDATE) VALUES (569, '12', '2D', '3pm', 6, 2, '2017-03-28');
INSERT INTO SHOWING(IDSHOWING, AVAILABLESEATS, SHOWINGTYPE, STARTTIME, MOVIE_IDMOVIE, SCREEN_IDSCREEN, SHOWINGDATE) VALUES (570, '72', '2D', '8pm', 6, 2, '2017-03-28');
INSERT INTO SHOWING(IDSHOWING, AVAILABLESEATS, SHOWINGTYPE, STARTTIME, MOVIE_IDMOVIE, SCREEN_IDSCREEN, SHOWINGDATE) VALUES (571, '21', '2D', '9am', 8, 2, '2017-03-28');
INSERT INTO SHOWING(IDSHOWING, AVAILABLESEATS, SHOWINGTYPE, STARTTIME, MOVIE_IDMOVIE, SCREEN_IDSCREEN, SHOWINGDATE) VALUES (572, '15', '3D', '3pm', 8, 2, '2017-03-28');
INSERT INTO SHOWING(IDSHOWING, AVAILABLESEATS, SHOWINGTYPE, STARTTIME, MOVIE_IDMOVIE, SCREEN_IDSCREEN, SHOWINGDATE) VALUES (573, '0', '2D', '8pm', 8, 2, '2017-03-28');
INSERT INTO SHOWING(IDSHOWING, AVAILABLESEATS, SHOWINGTYPE, STARTTIME, MOVIE_IDMOVIE, SCREEN_IDSCREEN, SHOWINGDATE) VALUES (574, '40', '3D', '11am', 9, 2, '2017-03-28');
INSERT INTO SHOWING(IDSHOWING, AVAILABLESEATS, SHOWINGTYPE, STARTTIME, MOVIE_IDMOVIE, SCREEN_IDSCREEN, SHOWINGDATE) VALUES (575, '25', '3D', '1pm', 9, 2, '2017-03-28');
INSERT INTO SHOWING(IDSHOWING, AVAILABLESEATS, SHOWINGTYPE, STARTTIME, MOVIE_IDMOVIE, SCREEN_IDSCREEN, SHOWINGDATE) VALUES (576, '45', '3D', '5pm', 9, 2, '2017-03-28');
INSERT INTO SHOWING(IDSHOWING, AVAILABLESEATS, SHOWINGTYPE, STARTTIME, MOVIE_IDMOVIE, SCREEN_IDSCREEN, SHOWINGDATE) VALUES (577, '74', '2D', '11am', 1, 2, '2017-03-29');
INSERT INTO SHOWING(IDSHOWING, AVAILABLESEATS, SHOWINGTYPE, STARTTIME, MOVIE_IDMOVIE, SCREEN_IDSCREEN, SHOWINGDATE) VALUES (578, '98', '2D', '1pm', 1, 2, '2017-03-29');
INSERT INTO SHOWING(IDSHOWING, AVAILABLESEATS, SHOWINGTYPE, STARTTIME, MOVIE_IDMOVIE, SCREEN_IDSCREEN, SHOWINGDATE) VALUES (579, '97', '2D', '5pm', 1, 2, '2017-03-29');
INSERT INTO SHOWING(IDSHOWING, AVAILABLESEATS, SHOWINGTYPE, STARTTIME, MOVIE_IDMOVIE, SCREEN_IDSCREEN, SHOWINGDATE) VALUES (580, '26', '2D', '9am', 2, 2, '2017-03-29');
INSERT INTO SHOWING(IDSHOWING, AVAILABLESEATS, SHOWINGTYPE, STARTTIME, MOVIE_IDMOVIE, SCREEN_IDSCREEN, SHOWINGDATE) VALUES (581, '47', 'IMAX', '3pm', 2, 2, '2017-03-29');
INSERT INTO SHOWING(IDSHOWING, AVAILABLESEATS, SHOWINGTYPE, STARTTIME, MOVIE_IDMOVIE, SCREEN_IDSCREEN, SHOWINGDATE) VALUES (582, '0', '3D', '8pm', 2, 2, '2017-03-29');
INSERT INTO SHOWING(IDSHOWING, AVAILABLESEATS, SHOWINGTYPE, STARTTIME, MOVIE_IDMOVIE, SCREEN_IDSCREEN, SHOWINGDATE) VALUES (583, '21', '2D', '11am', 3, 2, '2017-03-29');
INSERT INTO SHOWING(IDSHOWING, AVAILABLESEATS, SHOWINGTYPE, STARTTIME, MOVIE_IDMOVIE, SCREEN_IDSCREEN, SHOWINGDATE) VALUES (584, '71', '3D', '1pm', 3, 2, '2017-03-29');
INSERT INTO SHOWING(IDSHOWING, AVAILABLESEATS, SHOWINGTYPE, STARTTIME, MOVIE_IDMOVIE, SCREEN_IDSCREEN, SHOWINGDATE) VALUES (585, '100', '3D', '5pm', 3, 2, '2017-03-29');
INSERT INTO SHOWING(IDSHOWING, AVAILABLESEATS, SHOWINGTYPE, STARTTIME, MOVIE_IDMOVIE, SCREEN_IDSCREEN, SHOWINGDATE) VALUES (586, '47', '2D', '9am', 4, 2, '2017-03-29');
INSERT INTO SHOWING(IDSHOWING, AVAILABLESEATS, SHOWINGTYPE, STARTTIME, MOVIE_IDMOVIE, SCREEN_IDSCREEN, SHOWINGDATE) VALUES (587, '37', '2D', '3pm', 4, 2, '2017-03-29');
INSERT INTO SHOWING(IDSHOWING, AVAILABLESEATS, SHOWINGTYPE, STARTTIME, MOVIE_IDMOVIE, SCREEN_IDSCREEN, SHOWINGDATE) VALUES (588, '46', '2D', '8pm', 4, 2, '2017-03-29');
INSERT INTO SHOWING(IDSHOWING, AVAILABLESEATS, SHOWINGTYPE, STARTTIME, MOVIE_IDMOVIE, SCREEN_IDSCREEN, SHOWINGDATE) VALUES (589, '62', '2D', '11am', 5, 2, '2017-03-29');
INSERT INTO SHOWING(IDSHOWING, AVAILABLESEATS, SHOWINGTYPE, STARTTIME, MOVIE_IDMOVIE, SCREEN_IDSCREEN, SHOWINGDATE) VALUES (590, '92', '2D', '1pm', 5, 2, '2017-03-29');
INSERT INTO SHOWING(IDSHOWING, AVAILABLESEATS, SHOWINGTYPE, STARTTIME, MOVIE_IDMOVIE, SCREEN_IDSCREEN, SHOWINGDATE) VALUES (591, '54', '2D', '5pm', 5, 2, '2017-03-29');
INSERT INTO SHOWING(IDSHOWING, AVAILABLESEATS, SHOWINGTYPE, STARTTIME, MOVIE_IDMOVIE, SCREEN_IDSCREEN, SHOWINGDATE) VALUES (592, '58', '2D', '9am', 6, 2, '2017-03-29');
INSERT INTO SHOWING(IDSHOWING, AVAILABLESEATS, SHOWINGTYPE, STARTTIME, MOVIE_IDMOVIE, SCREEN_IDSCREEN, SHOWINGDATE) VALUES (593, '91', '2D', '3pm', 6, 2, '2017-03-29');
INSERT INTO SHOWING(IDSHOWING, AVAILABLESEATS, SHOWINGTYPE, STARTTIME, MOVIE_IDMOVIE, SCREEN_IDSCREEN, SHOWINGDATE) VALUES (594, '69', '2D', '8pm', 6, 2, '2017-03-29');
INSERT INTO SHOWING(IDSHOWING, AVAILABLESEATS, SHOWINGTYPE, STARTTIME, MOVIE_IDMOVIE, SCREEN_IDSCREEN, SHOWINGDATE) VALUES (595, '26', '3D', '9am', 8, 2, '2017-03-29');
INSERT INTO SHOWING(IDSHOWING, AVAILABLESEATS, SHOWINGTYPE, STARTTIME, MOVIE_IDMOVIE, SCREEN_IDSCREEN, SHOWINGDATE) VALUES (596, '64', '2D', '3pm', 8, 2, '2017-03-29');
INSERT INTO SHOWING(IDSHOWING, AVAILABLESEATS, SHOWINGTYPE, STARTTIME, MOVIE_IDMOVIE, SCREEN_IDSCREEN, SHOWINGDATE) VALUES (597, '37', '2D', '8pm', 8, 2, '2017-03-29');
INSERT INTO SHOWING(IDSHOWING, AVAILABLESEATS, SHOWINGTYPE, STARTTIME, MOVIE_IDMOVIE, SCREEN_IDSCREEN, SHOWINGDATE) VALUES (598, '55', '2D', '11am', 9, 2, '2017-03-29');
INSERT INTO SHOWING(IDSHOWING, AVAILABLESEATS, SHOWINGTYPE, STARTTIME, MOVIE_IDMOVIE, SCREEN_IDSCREEN, SHOWINGDATE) VALUES (599, '64', 'IMAX', '1pm', 9, 2, '2017-03-29');
INSERT INTO SHOWING(IDSHOWING, AVAILABLESEATS, SHOWINGTYPE, STARTTIME, MOVIE_IDMOVIE, SCREEN_IDSCREEN, SHOWINGDATE) VALUES (600, '3', '2D', '5pm', 9, 2, '2017-03-29');
INSERT INTO SHOWING(IDSHOWING, AVAILABLESEATS, SHOWINGTYPE, STARTTIME, MOVIE_IDMOVIE, SCREEN_IDSCREEN, SHOWINGDATE) VALUES (601, '36', 'IMAX', '11am', 1, 2, '2017-03-30');
INSERT INTO SHOWING(IDSHOWING, AVAILABLESEATS, SHOWINGTYPE, STARTTIME, MOVIE_IDMOVIE, SCREEN_IDSCREEN, SHOWINGDATE) VALUES (602, '49', '2D', '1pm', 1, 2, '2017-03-30');
INSERT INTO SHOWING(IDSHOWING, AVAILABLESEATS, SHOWINGTYPE, STARTTIME, MOVIE_IDMOVIE, SCREEN_IDSCREEN, SHOWINGDATE) VALUES (603, '73', '2D', '5pm', 1, 2, '2017-03-30');
INSERT INTO SHOWING(IDSHOWING, AVAILABLESEATS, SHOWINGTYPE, STARTTIME, MOVIE_IDMOVIE, SCREEN_IDSCREEN, SHOWINGDATE) VALUES (604, '71', '2D', '9am', 2, 2, '2017-03-30');
INSERT INTO SHOWING(IDSHOWING, AVAILABLESEATS, SHOWINGTYPE, STARTTIME, MOVIE_IDMOVIE, SCREEN_IDSCREEN, SHOWINGDATE) VALUES (605, '73', '2D', '3pm', 2, 2, '2017-03-30');
INSERT INTO SHOWING(IDSHOWING, AVAILABLESEATS, SHOWINGTYPE, STARTTIME, MOVIE_IDMOVIE, SCREEN_IDSCREEN, SHOWINGDATE) VALUES (606, '86', '2D', '8pm', 2, 2, '2017-03-30');
INSERT INTO SHOWING(IDSHOWING, AVAILABLESEATS, SHOWINGTYPE, STARTTIME, MOVIE_IDMOVIE, SCREEN_IDSCREEN, SHOWINGDATE) VALUES (607, '83', '2D', '11am', 3, 2, '2017-03-30');
INSERT INTO SHOWING(IDSHOWING, AVAILABLESEATS, SHOWINGTYPE, STARTTIME, MOVIE_IDMOVIE, SCREEN_IDSCREEN, SHOWINGDATE) VALUES (608, '40', 'IMAX', '1pm', 3, 2, '2017-03-30');
INSERT INTO SHOWING(IDSHOWING, AVAILABLESEATS, SHOWINGTYPE, STARTTIME, MOVIE_IDMOVIE, SCREEN_IDSCREEN, SHOWINGDATE) VALUES (609, '80', '2D', '5pm', 3, 2, '2017-03-30');
INSERT INTO SHOWING(IDSHOWING, AVAILABLESEATS, SHOWINGTYPE, STARTTIME, MOVIE_IDMOVIE, SCREEN_IDSCREEN, SHOWINGDATE) VALUES (610, '61', '3D', '9am', 4, 2, '2017-03-30');
INSERT INTO SHOWING(IDSHOWING, AVAILABLESEATS, SHOWINGTYPE, STARTTIME, MOVIE_IDMOVIE, SCREEN_IDSCREEN, SHOWINGDATE) VALUES (611, '95', '3D', '3pm', 4, 2, '2017-03-30');
INSERT INTO SHOWING(IDSHOWING, AVAILABLESEATS, SHOWINGTYPE, STARTTIME, MOVIE_IDMOVIE, SCREEN_IDSCREEN, SHOWINGDATE) VALUES (612, '27', '2D', '8pm', 4, 2, '2017-03-30');
INSERT INTO SHOWING(IDSHOWING, AVAILABLESEATS, SHOWINGTYPE, STARTTIME, MOVIE_IDMOVIE, SCREEN_IDSCREEN, SHOWINGDATE) VALUES (613, '29', '2D', '11am', 5, 2, '2017-03-30');
INSERT INTO SHOWING(IDSHOWING, AVAILABLESEATS, SHOWINGTYPE, STARTTIME, MOVIE_IDMOVIE, SCREEN_IDSCREEN, SHOWINGDATE) VALUES (614, '23', '2D', '1pm', 5, 2, '2017-03-30');
INSERT INTO SHOWING(IDSHOWING, AVAILABLESEATS, SHOWINGTYPE, STARTTIME, MOVIE_IDMOVIE, SCREEN_IDSCREEN, SHOWINGDATE) VALUES (615, '53', '2D', '5pm', 5, 2, '2017-03-30');
INSERT INTO SHOWING(IDSHOWING, AVAILABLESEATS, SHOWINGTYPE, STARTTIME, MOVIE_IDMOVIE, SCREEN_IDSCREEN, SHOWINGDATE) VALUES (616, '75', '3D', '9am', 6, 2, '2017-03-30');
INSERT INTO SHOWING(IDSHOWING, AVAILABLESEATS, SHOWINGTYPE, STARTTIME, MOVIE_IDMOVIE, SCREEN_IDSCREEN, SHOWINGDATE) VALUES (617, '14', '3D', '3pm', 6, 2, '2017-03-30');
INSERT INTO SHOWING(IDSHOWING, AVAILABLESEATS, SHOWINGTYPE, STARTTIME, MOVIE_IDMOVIE, SCREEN_IDSCREEN, SHOWINGDATE) VALUES (618, '23', '2D', '8pm', 6, 2, '2017-03-30');
INSERT INTO SHOWING(IDSHOWING, AVAILABLESEATS, SHOWINGTYPE, STARTTIME, MOVIE_IDMOVIE, SCREEN_IDSCREEN, SHOWINGDATE) VALUES (619, '13', 'IMAX', '9am', 8, 2, '2017-03-30');
INSERT INTO SHOWING(IDSHOWING, AVAILABLESEATS, SHOWINGTYPE, STARTTIME, MOVIE_IDMOVIE, SCREEN_IDSCREEN, SHOWINGDATE) VALUES (620, '12', '2D', '3pm', 8, 2, '2017-03-30');
INSERT INTO SHOWING(IDSHOWING, AVAILABLESEATS, SHOWINGTYPE, STARTTIME, MOVIE_IDMOVIE, SCREEN_IDSCREEN, SHOWINGDATE) VALUES (621, '62', '3D', '8pm', 8, 2, '2017-03-30');
INSERT INTO SHOWING(IDSHOWING, AVAILABLESEATS, SHOWINGTYPE, STARTTIME, MOVIE_IDMOVIE, SCREEN_IDSCREEN, SHOWINGDATE) VALUES (622, '3', 'IMAX', '11am', 9, 2, '2017-03-30');
INSERT INTO SHOWING(IDSHOWING, AVAILABLESEATS, SHOWINGTYPE, STARTTIME, MOVIE_IDMOVIE, SCREEN_IDSCREEN, SHOWINGDATE) VALUES (623, '33', '2D', '1pm', 9, 2, '2017-03-30');
INSERT INTO SHOWING(IDSHOWING, AVAILABLESEATS, SHOWINGTYPE, STARTTIME, MOVIE_IDMOVIE, SCREEN_IDSCREEN, SHOWINGDATE) VALUES (624, '47', '3D', '5pm', 9, 2, '2017-03-30');
INSERT INTO SHOWING(IDSHOWING, AVAILABLESEATS, SHOWINGTYPE, STARTTIME, MOVIE_IDMOVIE, SCREEN_IDSCREEN, SHOWINGDATE) VALUES (625, '93', '2D', '11am', 1, 2, '2017-03-31');
INSERT INTO SHOWING(IDSHOWING, AVAILABLESEATS, SHOWINGTYPE, STARTTIME, MOVIE_IDMOVIE, SCREEN_IDSCREEN, SHOWINGDATE) VALUES (626, '2', '2D', '1pm', 1, 2, '2017-03-31');
INSERT INTO SHOWING(IDSHOWING, AVAILABLESEATS, SHOWINGTYPE, STARTTIME, MOVIE_IDMOVIE, SCREEN_IDSCREEN, SHOWINGDATE) VALUES (627, '89', '3D', '5pm', 1, 2, '2017-03-31');
INSERT INTO SHOWING(IDSHOWING, AVAILABLESEATS, SHOWINGTYPE, STARTTIME, MOVIE_IDMOVIE, SCREEN_IDSCREEN, SHOWINGDATE) VALUES (628, '75', '2D', '9am', 2, 2, '2017-03-31');
INSERT INTO SHOWING(IDSHOWING, AVAILABLESEATS, SHOWINGTYPE, STARTTIME, MOVIE_IDMOVIE, SCREEN_IDSCREEN, SHOWINGDATE) VALUES (629, '73', '2D', '3pm', 2, 2, '2017-03-31');
INSERT INTO SHOWING(IDSHOWING, AVAILABLESEATS, SHOWINGTYPE, STARTTIME, MOVIE_IDMOVIE, SCREEN_IDSCREEN, SHOWINGDATE) VALUES (630, '90', '2D', '8pm', 2, 2, '2017-03-31');
INSERT INTO SHOWING(IDSHOWING, AVAILABLESEATS, SHOWINGTYPE, STARTTIME, MOVIE_IDMOVIE, SCREEN_IDSCREEN, SHOWINGDATE) VALUES (631, '59', '2D', '11am', 3, 2, '2017-03-31');
INSERT INTO SHOWING(IDSHOWING, AVAILABLESEATS, SHOWINGTYPE, STARTTIME, MOVIE_IDMOVIE, SCREEN_IDSCREEN, SHOWINGDATE) VALUES (632, '25', '2D', '1pm', 3, 2, '2017-03-31');
INSERT INTO SHOWING(IDSHOWING, AVAILABLESEATS, SHOWINGTYPE, STARTTIME, MOVIE_IDMOVIE, SCREEN_IDSCREEN, SHOWINGDATE) VALUES (633, '40', 'IMAX', '5pm', 3, 2, '2017-03-31');
INSERT INTO SHOWING(IDSHOWING, AVAILABLESEATS, SHOWINGTYPE, STARTTIME, MOVIE_IDMOVIE, SCREEN_IDSCREEN, SHOWINGDATE) VALUES (634, '59', '2D', '9am', 4, 2, '2017-03-31');
INSERT INTO SHOWING(IDSHOWING, AVAILABLESEATS, SHOWINGTYPE, STARTTIME, MOVIE_IDMOVIE, SCREEN_IDSCREEN, SHOWINGDATE) VALUES (635, '1', '2D', '3pm', 4, 2, '2017-03-31');
INSERT INTO SHOWING(IDSHOWING, AVAILABLESEATS, SHOWINGTYPE, STARTTIME, MOVIE_IDMOVIE, SCREEN_IDSCREEN, SHOWINGDATE) VALUES (636, '71', '3D', '8pm', 4, 2, '2017-03-31');
INSERT INTO SHOWING(IDSHOWING, AVAILABLESEATS, SHOWINGTYPE, STARTTIME, MOVIE_IDMOVIE, SCREEN_IDSCREEN, SHOWINGDATE) VALUES (637, '53', '3D', '11am', 5, 2, '2017-03-31');
INSERT INTO SHOWING(IDSHOWING, AVAILABLESEATS, SHOWINGTYPE, STARTTIME, MOVIE_IDMOVIE, SCREEN_IDSCREEN, SHOWINGDATE) VALUES (638, '29', '3D', '1pm', 5, 2, '2017-03-31');
INSERT INTO SHOWING(IDSHOWING, AVAILABLESEATS, SHOWINGTYPE, STARTTIME, MOVIE_IDMOVIE, SCREEN_IDSCREEN, SHOWINGDATE) VALUES (639, '49', '2D', '5pm', 5, 2, '2017-03-31');
INSERT INTO SHOWING(IDSHOWING, AVAILABLESEATS, SHOWINGTYPE, STARTTIME, MOVIE_IDMOVIE, SCREEN_IDSCREEN, SHOWINGDATE) VALUES (640, '52', '2D', '9am', 6, 2, '2017-03-31');
INSERT INTO SHOWING(IDSHOWING, AVAILABLESEATS, SHOWINGTYPE, STARTTIME, MOVIE_IDMOVIE, SCREEN_IDSCREEN, SHOWINGDATE) VALUES (641, '12', 'IMAX', '3pm', 6, 2, '2017-03-31');
INSERT INTO SHOWING(IDSHOWING, AVAILABLESEATS, SHOWINGTYPE, STARTTIME, MOVIE_IDMOVIE, SCREEN_IDSCREEN, SHOWINGDATE) VALUES (642, '28', '2D', '8pm', 6, 2, '2017-03-31');
INSERT INTO SHOWING(IDSHOWING, AVAILABLESEATS, SHOWINGTYPE, STARTTIME, MOVIE_IDMOVIE, SCREEN_IDSCREEN, SHOWINGDATE) VALUES (643, '68', '2D', '9am', 8, 2, '2017-03-31');
INSERT INTO SHOWING(IDSHOWING, AVAILABLESEATS, SHOWINGTYPE, STARTTIME, MOVIE_IDMOVIE, SCREEN_IDSCREEN, SHOWINGDATE) VALUES (644, '59', '2D', '3pm', 8, 2, '2017-03-31');
INSERT INTO SHOWING(IDSHOWING, AVAILABLESEATS, SHOWINGTYPE, STARTTIME, MOVIE_IDMOVIE, SCREEN_IDSCREEN, SHOWINGDATE) VALUES (645, '86', '2D', '8pm', 8, 2, '2017-03-31');
INSERT INTO SHOWING(IDSHOWING, AVAILABLESEATS, SHOWINGTYPE, STARTTIME, MOVIE_IDMOVIE, SCREEN_IDSCREEN, SHOWINGDATE) VALUES (646, '0', 'IMAX', '11am', 9, 2, '2017-03-31');
INSERT INTO SHOWING(IDSHOWING, AVAILABLESEATS, SHOWINGTYPE, STARTTIME, MOVIE_IDMOVIE, SCREEN_IDSCREEN, SHOWINGDATE) VALUES (647, '91', '2D', '1pm', 9, 2, '2017-03-31');
INSERT INTO SHOWING(IDSHOWING, AVAILABLESEATS, SHOWINGTYPE, STARTTIME, MOVIE_IDMOVIE, SCREEN_IDSCREEN, SHOWINGDATE) VALUES (648, '90', '2D', '5pm', 9, 2, '2017-03-31');


INSERT INTO USER(IDUSER, DOB, EMAIL, FIRSTNAME, LASTNAME, PASSWORD, ACTIVE) VALUES (1, '2001-11-11', 'anemail@email.com', 'Some', 'Guy', '13495d2059c8cb0497fc2b50bfc6297115ba83e336dc7c563bfef7aea7e81cdf', TRUE);
INSERT INTO USER(IDUSER, DOB, EMAIL, FIRSTNAME, LASTNAME, PASSWORD, ACTIVE) VALUES (2, '1999-11-11', 'anotheremail@email.com', 'Some', 'Other Guy', '13495d2059c8cb0497fc2b50bfc6297115ba83e336dc7c563bfef7aea7e81cdf', TRUE);
INSERT INTO USER(IDUSER, DOB, EMAIL, FIRSTNAME, LASTNAME, PASSWORD, ACTIVE) VALUES (3, '1989-11-11', 'anfurtheremail@email.com', 'Some', 'Other Guy', '13495d2059c8cb0497fc2b50bfc6297115ba83e336dc7c563bfef7aea7e81cdf', FALSE);
INSERT INTO TICKET(IDTICKET, TICKETTYPE, SHOWING_IDSHOWING, USER_IDUSER) VALUES (1, 'Normal', 1, 1);
INSERT INTO TICKET(IDTICKET, TICKETTYPE, SHOWING_IDSHOWING, USER_IDUSER)VALUES (2, 'Normal', 2, 2);
INSERT INTO TICKET(IDTICKET, TICKETTYPE, SHOWING_IDSHOWING, USER_IDUSER) VALUES (3, 'Normal', 3, 3);
INSERT INTO ACTOR_HAS_MOVIE(MOVIE_IDMOVIE, ACTOR_IDACTOR) VALUES (1, 1);
INSERT INTO ACTOR_HAS_MOVIE(MOVIE_IDMOVIE, ACTOR_IDACTOR) VALUES (2, 2);
INSERT INTO ACTOR_HAS_MOVIE(MOVIE_IDMOVIE, ACTOR_IDACTOR) VALUES (3, 3);

INSERT INTO PRICE(priceID, price, showingType, ticketType) VALUES (1, 7.00, '2D', 'Adult');
INSERT INTO PRICE(priceID, price, showingType, ticketType) VALUES (2, 5.00, '2D', 'Child');
INSERT INTO PRICE(priceID, price, showingType, ticketType) VALUES (3, 6.00, '2D', 'Student');
INSERT INTO PRICE(priceID, price, showingType, ticketType) VALUES (4, 6.00, '2D', 'Concession');
INSERT INTO PRICE(priceID, price, showingType, ticketType) VALUES (5, 9.00, '3D', 'Adult');
INSERT INTO PRICE(priceID, price, showingType, ticketType) VALUES (6, 7.00, '3D', 'Child');
INSERT INTO PRICE(priceID, price, showingType, ticketType) VALUES (7, 8.00, '3D', 'Student');
INSERT INTO PRICE(priceID, price, showingType, ticketType) VALUES (8, 8.00, '3D', 'Concession');

INSERT INTO OFFER(offerID, offerCode, offerName, discountAmount) VALUES (1, 'ABC', 'Family Ticket Offer', 0.80);
INSERT INTO OFFER(offerID, offerCode, offerName, discountAmount) VALUES (2, 'DEF', 'Concession', 0.75);
INSERT INTO OFFER(offerID, offerCode, offerName, discountAmount) VALUES (3, 'GHI', 'Birthday Offer', 0.85);
INSERT INTO OFFER(offerID, offerCode, offerName, discountAmount) VALUES (4, 'JKL', 'Meerkat Movies', 0.50);