INSERT INTO ACTOR(IDACTOR, DOB, FIRSTNAME, GENDER, LASTNAME) VALUES (1, '1987-11-10', 'Some', 'Male', 'GUY');
INSERT INTO ACTOR(IDACTOR, DOB, FIRSTNAME, GENDER, LASTNAME) VALUES (2, '1989-11-10', 'Some', 'Male', 'Other Guy');
INSERT INTO ACTOR(IDACTOR,DOB, FIRSTNAME, GENDER, LASTNAME) VALUES (3, '1971-11-10', 'Some', 'Male', 'Further Guy');
INSERT INTO CINEMA(IDCINEMA, CITY, NAME, OPENINGTIMES) VALUES (1, 'Manchester', 'QAC Manch', 'Times');
INSERT INTO CINEMA(IDCINEMA, CITY, NAME, OPENINGTIMES) VALUES (2, 'Liverpool', 'QAC Liver', 'OtherTimes');
INSERT INTO CINEMA(IDCINEMA, CITY, NAME, OPENINGTIMES) VALUES (3, 'Dorset', 'QAC Dorset', 'FurtherTimes');
INSERT INTO MOVIE(IDMOVIE, CERTIFICATION, DESCRIPTION, DURATION, GENRE, POSTERURL, RELEASEDATE, TITLE)	VALUES (1, 'PG', 'A film', '120m', 'Fantasy', 'AURL', '2012-11-15', 'A Film');
INSERT INTO MOVIE(IDMOVIE, CERTIFICATION, DESCRIPTION, DURATION, GENRE, POSTERURL, RELEASEDATE, TITLE) VALUES (2, '18', 'Another film', '120m', 'Action', 'AnotherURL', '2015-11-15', 'A other Film');
INSERT INTO MOVIE(IDMOVIE, CERTIFICATION, DESCRIPTION, DURATION, GENRE, POSTERURL, RELEASEDATE, TITLE) VALUES (3, '15', 'A further film', '120m', 'Horror', 'AFurtherURL', '2016-11-15', 'A furtherFilm');
INSERT INTO SCREEN(IDSCREEN, ISDIRECTORSBOX, NOOFSEATS, SCREENNUM, SCREENTYPE, CINEMA_IDCINEMA) VALUES (1, 'false', '120', '1', '3D', 1);
INSERT INTO SCREEN(IDSCREEN, ISDIRECTORSBOX, NOOFSEATS, SCREENNUM, SCREENTYPE, CINEMA_IDCINEMA) VALUES (2, 'true', '50', '1', '3D', 2);
INSERT INTO SCREEN(IDSCREEN, ISDIRECTORSBOX, NOOFSEATS, SCREENNUM, SCREENTYPE, CINEMA_IDCINEMA) VALUES (3, 'false', '120', '1', '3D', 3);
INSERT INTO SHOWING(IDSHOWING, AVAILABLESEATS, SHOWINGTYPE, STARTTIME, MOVIE_IDMOVIE, SHOWING_IDSHOWING) VALUES (1, '119', '3D', '7pm', 1, 1);
INSERT INTO SHOWING(IDSHOWING, AVAILABLESEATS, SHOWINGTYPE, STARTTIME, MOVIE_IDMOVIE, SHOWING_IDSHOWING) VALUES (2, '49', '3D', '7pm', 2, 2);
INSERT INTO SHOWING(IDSHOWING, AVAILABLESEATS, SHOWINGTYPE, STARTTIME, MOVIE_IDMOVIE, SHOWING_IDSHOWING) VALUES (3, '119', '3D', '7pm', 3, 3);
INSERT INTO USER(ID, DOB, EMAIL, FIRSTNAME, LASTNAME, PASSWORD) VALUES (1, '2001-11-11', 'anemail', 'Some', 'Guy', 'hashpass');
INSERT INTO USER(ID, DOB, EMAIL, FIRSTNAME, LASTNAME, PASSWORD) VALUES (2, '1999-11-11', 'anotheremail', 'Some', 'Other Guy', 'hashpass');
INSERT INTO USER(ID, DOB, EMAIL, FIRSTNAME, LASTNAME, PASSWORD) VALUES (3, '1989-11-11', 'anfurtheremail', 'Some', 'Other Guy', 'hashpass');
INSERT INTO TICKET(IDTICKET, TICKETTYPE, SHOWING_IDSHOWING, USER_IDUSER) VALUES (1, 'Normal', 1, 1);
INSERT INTO TICKET(IDTICKET, TICKETTYPE, SHOWING_IDSHOWING, USER_IDUSER)VALUES (2, 'Normal', 2, 2);
INSERT INTO TICKET(IDTICKET, TICKETTYPE, SHOWING_IDSHOWING, USER_IDUSER) VALUES (3, 'Normal', 3, 3);
INSERT INTO ACTOR_HAS_MOVIE(MOVIE_IDMOVIE, ACTOR_IDACTOR) VALUES (1, 1);
INSERT INTO ACTOR_HAS_MOVIE(MOVIE_IDMOVIE, ACTOR_IDACTOR) VALUES (2, 2);
INSERT INTO ACTOR_HAS_MOVIE(MOVIE_IDMOVIE, ACTOR_IDACTOR) VALUES (3, 3);